1691171453,70,1691171453,53.44161,-2.27275,0.00,0,0.31,3.88,3.88,16311,-9,0,72,0,0, ,0,100.0, **** Starting v 3.90: route [0] 
1691171458,75,1691171458,53.44161,-2.27277,0.00,0,0.19,3.88,3.61,15631,-9,0,75,0,0,A,1,100.0,+ **** Watchdog disabled Nav A0 To A0, 82, 3187m Steer  104    55631 
1691171463,80,1691171463,53.44159,-2.27275,0.00,0,0.10,3.88,3.52,15695,-9,0,75,0,0,A,1,100.0,:104  75 -24
1691171468,85,1691171468,53.44161,-2.27276,0.00,0,0.09,3.88,3.52,15695,98,0,73,0,0,A,1,100.0,+
1691171472,90,1691171472,53.44161,-2.27278,0.00,0,0.11,3.88,3.52,15695,-8,0,72,0,0,A,1,100.0,+
1691171478,95,1691171478,53.44162,-2.27280,0.00,0,0.28,3.85,3.52,15695,-8,0,74,0,0,A,1,100.0,+
1691171483,101,1691171483,53.44162,-2.27284,0.00,0,0.34,3.85,3.54,15695,-8,0,74,0,0,A,1,100.0,+
1691171489,106,1691171489,53.44162,-2.27284,0.00,1,0.34,3.85,3.54,15695,-8,0,75,0,0,A,1,100.0,:104  75 -28
1691171494,111,1691171494,53.44159,-2.27282,0.00,1,0.10,3.85,3.54,15583,-8,0,74,0,0,A,1,100.0,:104  74 -28
1691171499,116,1691171499,53.44155,-2.27278,0.00,1,0.04,3.85,3.54,15583,-8,0,71,0,0,A,1,100.0,+
1691171504,121,1691171504,53.44151,-2.27272,0.00,1,0.29,3.85,3.51,15695,-8,0,73,0,0,A,1,100.0,+
1691171508,126,1691171508,53.44146,-2.27267,0.00,1,0.55,3.85,3.51,15695,-8,0,75,0,0,A,1,100.0,:104  75 -24
1691171514,132,1691171514,53.44141,-2.27261,0.00,1,0.55,3.86,3.51,15911,-8,0,75,0,0,A,2,100.0,+ **** Steer   24    22476 
1691171514,137,1691171514,53.44141,-2.27261,15.58,1,0.55,3.86,3.51,15583,-8,0,76,0,0,A,2,100.0,+
1691171525,142,1691171525,53.44134,-2.27252,15.58,1,0.24,3.86,3.58,15695,-8,0,73,0,0,A,2,100.0,+
1691171530,147,1691171530,53.44133,-2.27252,15.58,1,0.07,3.86,3.71,15695,-8,0,74,0,0,A,2,100.0,+
1691171535,152,1691171535,53.44133,-2.27252,15.58,1,0.10,3.87,3.75,15911,-8,0,75,0,0,A,1,100.0,:106  75   4 **** To A0, 81, 3176m Steer  106    54378 
1691171540,157,1691171540,53.44133,-2.27252,15.58,1,0.11,3.87,3.52,15911,-8,0,74,0,0,A,1,100.0,:106  74 -28
1691171545,163,1691171545,53.44133,-2.27251,15.58,1,0.37,3.87,3.52,15911,-8,0,73,0,0,A,1,100.0,:106  73 -33
1691171551,168,1691171551,53.44133,-2.27251,15.58,1,0.37,3.87,3.52,15911,-8,0,74,0,0,A,1,100.0,:106  74 -28
1691171551,173,1691171551,53.44133,-2.27251,6.24,1,0.37,3.83,3.52,15911,-8,0,73,0,0,A,1,100.0,:106  73 -28
1691171561,178,1691171561,53.44132,-2.27251,6.24,1,0.34,3.85,3.56,15911,-8,0,73,0,0,A,1,100.0,+
1691171566,183,1691171566,53.44132,-2.27253,6.24,1,0.30,3.85,3.53,15911,-8,0,74,0,0,A,1,100.0,+
1691171571,189,1691171571,53.44133,-2.27252,6.24,1,0.30,3.85,3.53,15911,-8,0,72,0,0,A,1,100.0,:106  72 -32
1691171576,194,1691171576,53.44133,-2.27252,6.24,1,0.33,3.85,3.53,15583,-8,0,73,0,0,A,1,100.0,+
1691171576,199,1691171576,53.44133,-2.27252,6.20,1,0.33,3.83,3.53,15583,-8,0,73,0,0,A,1,100.0,+
1691171587,204,1691171587,53.44134,-2.27253,6.20,1,0.09,3.83,3.54,15583,-8,0,73,0,0,A,1,100.0,+
1691171592,209,1691171592,53.44133,-2.27253,6.20,1,0.20,3.83,3.54,15911,-8,0,72,0,0,A,2,100.0,: 26  72  -1 **** Steer   26    25357 
1691171597,214,1691171597,53.44133,-2.27253,6.20,1,0.04,3.87,3.54,15911,-8,0,74,0,0,A,2,100.0,+
1691171602,220,1691171602,53.44133,-2.27253,6.20,1,0.29,3.87,3.60,15911,-8,0,75,0,0,A,2,100.0,+
1691171607,225,1691171607,53.44133,-2.27253,6.20,1,0.24,3.87,3.60,15911,-8,0,74,0,0,A,2,100.0,: 26  74  32
1691171613,230,1691171613,53.44087,-2.27216,6.20,1,0.23,3.89,3.76,15911,-8,0,73,0,0,A,2,100.0,+
1691171618,235,1691171618,53.44086,-2.27216,6.20,1,0.30,3.89,3.76,15911,-8,0,73,0,0,A,1,100.0,:106  73  11 **** To A0, 80, 3162m Steer  106    53928 
1691171623,240,1691171623,53.44087,-2.27216,6.20,1,0.21,3.89,3.60,15911,-8,0,73,0,0,A,1,100.0,+
1691171628,245,1691171628,53.44086,-2.27216,6.20,1,0.26,3.89,3.52,15911,-8,0,71,0,0,A,1,100.0,+
1691171634,251,1691171634,53.44088,-2.27215,6.20,1,0.26,3.88,3.52,15911,-8,0,71,0,0,A,1,100.0,+
1691171639,256,1691171639,53.44088,-2.27216,6.20,1,0.18,3.88,3.52,15583,-8,0,75,0,0,A,1,100.0,:106  75 -24
1691171644,261,1691171644,53.44090,-2.27216,6.20,1,0.15,3.87,3.52,15911,-8,0,74,0,0,A,1,100.0,:106  74 -28 **** Sat logged 
1691171649,266,1691171649,53.44091,-2.27217,6.20,1,0.05,3.87,3.57,15911,-8,0,71,0,0,A,1,100.0,:106  71 -28
1691171654,271,1691171654,53.44091,-2.27217,6.20,1,0.18,3.86,3.56,15911,-8,0,75,0,0,A,1,100.0,:106  75 -28
1691171659,276,1691171659,53.44090,-2.27218,6.20,1,0.20,3.89,3.56,15911,-8,0,73,0,0,A,1,100.0,+
1691171659,282,1691171659,53.44090,-2.27218,5.16,1,0.20,3.89,3.56,15911,-8,0,73,0,0,A,1,100.0,+
1691171670,287,1691171670,53.44090,-2.27218,5.16,1,0.12,3.89,3.56,15911,-8,0,73,0,0,A,1,100.0,:106  73 -28
1691171675,292,1691171675,53.44090,-2.27219,5.16,1,0.04,3.89,3.56,15911,-8,0,74,0,0,A,2,100.0,: 26  74  29 **** Steer   26    26302 
1691171680,297,1691171680,53.44088,-2.27219,5.16,1,0.24,3.89,3.59,15911,-8,0,75,0,0,A,2,100.0,+
1691171685,302,1691171685,53.44088,-2.27221,5.16,1,0.34,3.89,3.61,15911,-8,0,73,0,0,A,2,100.0,: 26  73  28
1691171690,307,1691171690,53.44088,-2.27222,5.16,1,0.25,3.89,3.74,15911,-8,0,74,0,0,A,2,100.0,: 26  74  32
1691171690,313,1691171690,53.44088,-2.27222,5.16,1,0.25,3.89,3.82,15911,-8,0,75,0,0,A,2,100.0,+
1691171701,318,1691171701,53.44088,-2.27222,5.16,1,0.25,3.89,3.82,15911,-8,0,74,0,0,A,1,100.0,:105  74  20 **** To A0, 80, 3165m Steer  105    54378 
1691171706,323,1691171706,53.44088,-2.27223,5.16,1,0.32,3.89,3.73,15911,-8,0,73,0,0,A,1,100.0,+
1691171711,328,1691171711,53.44090,-2.27222,5.16,1,0.20,3.90,3.67,15911,-8,0,74,0,0,A,1,100.0,+
1691171716,333,1691171716,53.44090,-2.27222,5.16,1,0.21,3.90,3.58,15911,-8,0,75,0,0,A,1,100.0,:105  75 -24
1691171721,339,1691171721,53.44090,-2.27222,5.16,1,0.37,3.90,3.56,15911,-8,0,72,0,0,A,1,100.0,+
1691171721,344,1691171721,53.44090,-2.27222,5.14,1,0.37,3.90,3.56,15911,-8,0,75,0,0,A,1,100.0,+
1691171721,349,1691171721,53.44090,-2.27222,5.14,1,0.37,3.90,3.56,15911,-8,0,76,0,0,A,1,100.0,:105  76 -20
1691171737,354,1691171737,53.44092,-2.27218,5.14,1,0.34,3.90,3.56,15911,-8,0,73,0,0,A,1,100.0,+
1691171742,359,1691171742,53.44092,-2.27219,5.14,1,0.52,3.90,3.56,15911,-8,0,73,0,0,A,1,100.0,+
1691171747,364,1691171747,53.44092,-2.27219,5.14,1,0.61,3.91,3.56,15911,-8,0,75,0,0,A,1,100.0,:105  75 -28
1691171752,370,1691171752,53.44092,-2.27218,5.14,1,0.50,3.91,3.56,15911,-8,0,74,0,0,A,1,100.0,:105  74 -28
1691171757,375,1691171757,53.44091,-2.27217,5.14,1,0.24,3.91,3.56,15911,-8,0,76,0,0,A,2,100.0,: 25  76   7 **** Steer   25    25357 
1691171763,380,1691171763,53.44092,-2.27216,5.14,1,0.24,3.91,3.56,15911,-8,0,75,0,0,A,2,100.0,+
1691171768,385,1691171768,53.44093,-2.27217,5.14,1,0.08,3.91,3.59,15911,-8,0,73,0,0,A,2,100.0,: 25  73  25
1691171773,390,1691171773,53.44093,-2.27216,5.14,1,0.32,3.91,3.64,15911,42,0,80,0,0,A,2,100.0,+
1691171778,395,1691171778,53.44093,-2.27217,5.14,1,0.31,3.91,3.76,15911,-9,0,74,0,0,A,2,100.0,: 25  74  33
1691171783,401,1691171783,53.44095,-2.27217,5.14,1,0.27,3.91,3.74,15911,-9,0,73,0,0,A,1,100.0,:105  73   0 **** To A0, 80, 3160m Steer  105    54378 
1691171788,406,1691171788,53.44093,-2.27219,5.14,1,0.23,3.91,3.74,15911,-9,0,73,0,0,A,1,100.0,:105  73 -28
1691171788,411,1691171788,53.44093,-2.27219,5.12,1,0.23,3.91,3.56,15911,-9,0,74,0,0,A,1,100.0,:105  74 -28
1691171799,416,1691171799,53.44093,-2.27220,5.12,1,0.07,3.89,3.56,15911,-9,0,73,0,0,A,1,100.0,+
1691171804,421,1691171804,53.44093,-2.27220,5.12,1,0.11,3.89,3.56,15911,-9,0,74,0,0,A,1,100.0,+
1691171809,426,1691171809,53.44093,-2.27220,5.12,1,0.20,3.89,3.56,15911,-9,0,76,0,0,A,1,100.0,:105  76 -28
1691171814,432,1691171814,53.44093,-2.27220,5.12,1,0.03,3.89,3.56,15911,-9,0,73,0,0,A,1,100.0,+
1691171819,437,1691171819,53.44093,-2.27221,5.12,1,0.12,3.89,3.56,15911,-9,0,75,0,0,A,1,100.0,:105  75 -28
1691171825,442,1691171825,53.44093,-2.27221,5.12,1,0.15,3.89,3.56,15911,-9,0,74,0,0,A,1,100.0,+
1691171830,447,1691171830,53.44094,-2.27220,5.12,1,0.08,3.89,3.56,15911,-9,0,76,0,0,A,1,100.0,:105  76 -24
1691171835,452,1691171835,53.44095,-2.27219,5.12,1,0.23,3.89,3.56,15911,-9,0,74,0,0,A,1,100.0,+
1691171840,458,1691171840,53.44096,-2.27218,5.12,1,0.38,3.89,3.51,15911,-9,0,76,0,0,A,2,100.0,: 25  76  13 **** Steer   25    25357 
1691171845,463,1691171845,53.44098,-2.27215,5.12,1,0.37,3.89,3.51,15911,-9,0,74,0,0,A,2,100.0,: 25  74  33
1691171850,468,1691171850,53.44102,-2.27213,5.12,1,0.26,3.90,3.51,15911,-9,0,76,0,0,A,2,100.0,+
1691171850,473,1691171850,53.44102,-2.27213,12.38,1,0.26,3.90,3.51,15911,-9,0,75,0,0,A,2,100.0,: 25  75  28
1691171861,478,1691171861,53.44100,-2.27215,12.38,1,0.67,3.90,3.80,15911,-9,0,72,0,0,A,2,100.0,: 25  72  28
1691171866,483,1691171866,53.44098,-2.27220,12.38,1,0.11,3.90,3.80,15911,-9,0,74,0,0,A,1,100.0,:105  74  -2 **** To A0, 80, 3160m Steer  105    54378 
1691171871,489,1691171871,53.44098,-2.27221,12.38,1,0.22,3.89,3.65,15911,-9,0,74,0,0,A,1,100.0,+
1691171876,494,1691171876,53.44098,-2.27223,12.38,1,0.12,3.89,3.53,15911,-9,0,74,0,0,A,1,100.0,:105  74 -28
1691171882,499,1691171882,53.44096,-2.27223,12.38,1,0.12,3.89,3.53,15911,-9,0,74,0,0,A,1,100.0,:105  74 -32
1691171887,504,1691171887,53.44096,-2.27224,12.38,1,0.05,3.89,3.53,15911,-9,0,74,0,0,A,1,100.0,+
1691171892,509,1691171892,53.44095,-2.27224,12.38,1,0.10,3.87,3.53,15911,-9,0,73,0,0,A,1,100.0,:105  73 -32
1691171897,514,1691171897,53.44094,-2.27227,12.38,1,0.18,3.89,3.55,15911,-9,0,74,0,0,A,1,100.0,:105  74 -28
1691171902,520,1691171902,53.44093,-2.27227,12.38,1,0.20,3.89,3.55,15911,-9,0,74,0,0,A,1,100.0,+
1691171907,525,1691171907,53.44093,-2.27229,12.38,1,0.27,3.89,3.56,15911,-9,0,76,0,0,A,1,100.0,:105  76 -28
1691171913,530,1691171913,53.44091,-2.27229,12.38,1,0.27,3.89,3.56,15911,-9,0,74,0,0,A,1,100.0,:105  74 -28
1691171918,535,1691171918,53.44090,-2.27229,12.38,1,0.17,3.88,3.56,15911,-9,0,74,0,0,A,1,100.0,+
1691171923,540,1691171923,53.44088,-2.27229,12.38,1,0.21,3.88,3.57,15911,-9,0,75,0,0,A,2,100.0,: 25  75  12 **** Steer   25    25357 
1691171928,545,1691171928,53.44087,-2.27230,12.38,1,0.25,3.88,3.57,15911,-9,0,75,0,0,A,2,100.0,+
1691171933,551,1691171933,53.44088,-2.27229,12.38,1,0.08,3.92,3.57,15911,-9,0,74,0,0,A,2,100.0,+
1691171938,556,1691171938,53.44088,-2.27229,12.38,1,0.09,3.92,3.57,15911,-9,0,74,0,0,A,2,100.0,: 25  74  33
1691171938,561,1691171938,53.44088,-2.27229,5.08,1,0.09,3.92,3.82,15911,-9,0,73,0,0,A,2,100.0,+
1691171949,566,1691171949,53.44087,-2.27227,5.08,1,0.11,3.92,3.83,15911,-9,0,75,0,0,A,1,100.0,:105  75  10 **** To A0, 80, 3168m Steer  105    54378 
1691171954,571,1691171954,53.44086,-2.27227,5.08,1,0.11,3.89,3.59,15911,-9,0,73,0,0,A,1,100.0,+
1691171959,576,1691171959,53.44082,-2.27226,5.08,1,1.23,3.89,3.52,15911,-9,0,76,0,0,A,1,100.0,:105  76 -24
1691171964,582,1691171964,53.44084,-2.27228,5.08,1,0.45,3.89,3.52,15911,-9,0,75,0,0,A,1,100.0,:105  75 -24
1691171969,587,1691171969,53.44083,-2.27228,5.08,1,0.22,3.89,3.52,15911,-9,0,77,0,0,A,1,100.0,:105  77 -28
1691171969,592,1691171969,53.44083,-2.27228,5.06,1,0.22,3.89,3.52,15911,-9,0,73,0,0,A,1,100.0,+
1691171980,597,1691171980,53.44083,-2.27230,5.06,1,0.03,3.89,3.61,15911,-9,0,74,0,0,A,1,100.0,+
1691171985,602,1691171985,53.44082,-2.27229,5.06,1,0.17,3.89,3.54,15911,-9,0,74,0,0,A,1,100.0,+
1691171990,608,1691171990,53.44083,-2.27230,5.06,1,0.09,3.89,3.54,15911,-9,0,76,0,0,A,1,100.0,:105  76 -32
1691171995,613,1691171995,53.44083,-2.27230,5.06,1,0.14,3.87,3.54,15911,-9,0,74,0,0,A,1,100.0,+
1691172000,618,1691172000,53.44085,-2.27233,5.06,1,0.17,3.87,3.54,15735,-9,0,75,0,0,A,1,100.0,:105  75 -28
1691172006,623,1691172006,53.44085,-2.27234,5.06,1,0.09,3.87,3.56,15911,-9,0,75,0,0,A,2,100.0,+ **** Steer   25    25357 
1691172011,628,1691172011,53.44085,-2.27235,5.06,1,0.13,3.87,3.58,15911,-9,0,76,0,0,A,2,100.0,+
1691172016,633,1691172016,53.44086,-2.27235,5.06,1,0.14,3.87,3.58,15583,-9,0,73,0,0,A,2,100.0,: 25  73  32
1691172021,639,1691172021,53.44086,-2.27235,5.06,1,0.09,3.87,3.62,15695,-9,0,76,0,0,A,2,100.0,+
1691172026,644,1691172026,53.44086,-2.27238,5.06,1,0.28,3.85,3.71,15695,-9,0,74,0,0,A,2,100.0,+
1691172032,649,1691172032,53.44086,-2.27237,5.06,1,0.29,3.86,3.71,15911,-9,0,73,0,0,A,1,100.0,:105  73   9 **** To A0, 80, 3176m Steer  105    54378 
1691172037,654,1691172037,53.44088,-2.27236,5.04,1,0.39,3.86,3.62,15671,-9,0,75,0,0,A,1,100.0,:105  75 -28
1691172042,659,1691172042,53.44090,-2.27236,5.04,1,0.30,3.86,3.62,15671,-9,0,72,0,0,A,1,100.0,:105  72 -32
1691172047,664,1691172047,53.44092,-2.27235,5.04,1,0.17,3.86,3.56,15671,-9,0,74,0,0,A,1,100.0,+
1691172052,670,1691172052,53.44090,-2.27233,5.04,1,0.95,3.83,3.56,15671,-9,0,75,0,0,A,1,100.0,:105  75 -28
1691172052,675,1691172052,53.44090,-2.27233,3.78,1,0.95,3.84,3.56,15671,-9,0,75,0,0,A,1,100.0,:105  75 -28
1691172063,680,1691172063,53.44093,-2.27236,3.78,1,0.32,3.84,3.56,15671,-9,0,73,0,0,A,1,100.0,+
1691172068,685,1691172068,53.44095,-2.27240,3.78,1,0.55,3.84,3.54,15583,-9,0,73,0,0,A,1,100.0,+
1691172073,690,1691172073,53.44097,-2.27244,3.78,1,0.90,3.84,3.54,15583,-9,0,75,0,0,A,1,100.0,:105  75 -32
1691172078,695,1691172078,53.44093,-2.27237,3.78,1,0.24,3.82,3.54,15695,-9,0,72,0,0,A,1,100.0,+
1691172083,701,1691172083,53.44093,-2.27237,3.78,1,0.07,3.80,3.54,15695,-9,0,75,0,0,A,1,100.0,:105  75 -28
1691172088,706,1691172088,53.44093,-2.27236,3.78,1,0.13,3.80,3.60,15583,-9,0,73,0,0,A,2,100.0,+ **** Steer   25    25357 
1691172094,711,1691172094,53.44092,-2.27236,3.78,1,0.13,3.83,3.60,15583,-9,0,75,0,0,A,2,100.0,+
1691172099,716,1691172099,53.44091,-2.27236,3.78,1,0.21,3.85,3.60,15695,-9,0,73,0,0,A,2,100.0,: 25  73  28
1691172104,721,1691172104,53.44090,-2.27236,3.78,1,0.11,3.85,3.64,15695,-9,0,75,0,0,A,2,100.0,+
1691172109,726,1691172109,53.44090,-2.27236,3.78,1,0.10,3.85,3.78,15695,-9,0,74,0,0,A,2,100.0,: 25  74  33
1691172114,732,1691172114,53.44090,-2.27236,3.78,1,0.13,3.85,3.78,15583,-9,0,73,0,0,A,1,100.0,:109  73 -17 **** To A0, 80, 3174m Steer  109    52477 
1691172119,737,1691172119,53.44090,-2.27236,3.78,1,0.09,3.85,3.54,15583,-9,0,74,0,0,A,1,100.0,+
1691172119,742,1691172119,53.44090,-2.27236,3.78,1,0.09,3.85,3.53,15583,-9,0,76,0,0,A,1,100.0,:109  76 -28
1691172130,747,1691172130,53.44088,-2.27236,3.78,1,0.05,3.85,3.53,15695,-9,0,73,0,0,A,1,100.0,+
1691172135,752,1691172135,53.44090,-2.27236,3.78,1,0.05,3.83,3.53,15695,-9,0,74,0,0,A,1,100.0,+
1691172140,757,1691172140,53.44090,-2.27237,3.78,1,0.25,3.83,3.53,15695,-9,0,75,0,0,A,1,100.0,:109  75 -28
1691172145,763,1691172145,53.44088,-2.27237,3.78,1,0.14,3.85,3.53,15583,-9,0,73,0,0,A,1,100.0,:109  73 -34
1691172150,768,1691172150,53.44088,-2.27238,3.78,1,0.09,3.85,3.58,15583,-9,0,74,0,0,A,1,100.0,+
1691172150,773,1691172150,53.44088,-2.27238,3.78,1,0.09,3.85,3.60,15695,-9,0,75,0,0,A,1,100.0,+
1691172161,778,1691172161,53.44088,-2.27239,3.78,1,0.04,3.87,3.60,15695,-9,0,75,0,0,A,1,100.0,:109  75 -28
1691172166,783,1691172166,53.44088,-2.27238,3.78,1,0.01,3.87,3.60,15695,-9,0,75,0,0,A,1,100.0,:109  75 -28
1691172171,789,1691172171,53.44088,-2.27238,3.78,1,0.01,3.87,3.60,15583,-9,0,74,0,0,A,2,100.0,: 29  74  31 **** Steer   29    29089 
1691172176,794,1691172176,53.44088,-2.27238,3.78,1,0.05,3.87,3.61,15583,-9,0,72,0,0,A,2,100.0,: 29  72  28
1691172181,799,1691172181,53.44088,-2.27238,3.78,1,0.11,3.87,3.62,15583,-9,0,76,0,0,A,2,100.0,+
1691172181,804,1691172181,53.44088,-2.27238,3.78,1,0.11,3.91,3.75,15695,-9,0,75,0,0,A,2,100.0,+
1691172192,809,1691172192,53.44086,-2.27237,3.78,1,0.15,3.91,3.78,15695,-9,0,74,0,0,A,2,100.0,: 29  74  31
1691172197,814,1691172197,53.44085,-2.27236,3.78,1,0.12,3.91,3.82,15911,-9,0,75,0,0,A,1,100.0,:107  75  20 **** To A0, 80, 3175m Steer  107    53460 
1691172202,820,1691172202,53.44085,-2.27236,3.78,1,0.10,3.91,3.71,15911,-9,0,74,0,0,A,1,100.0,+
1691172207,825,1691172207,53.44085,-2.27235,3.78,1,0.14,3.89,3.63,15583,-9,0,73,0,0,A,1,100.0,+
1691172213,830,1691172213,53.44085,-2.27235,3.78,1,0.14,3.89,3.56,15583,-9,0,75,0,0,A,1,100.0,+
1691172218,835,1691172218,53.44085,-2.27235,3.78,1,0.16,3.86,3.56,15583,-9,0,74,0,0,A,1,100.0,+
1691172223,840,1691172223,53.44085,-2.27236,3.78,1,0.14,3.83,3.56,15583,-9,0,74,0,0,A,1,100.0,+
1691172228,845,1691172228,53.44086,-2.27236,3.78,1,0.11,3.83,3.56,15695,-9,0,73,0,0,A,1,100.0,+
1691172233,851,1691172233,53.44086,-2.27236,3.78,1,0.13,3.84,3.56,15695,-9,0,76,0,0,A,1,100.0,:107  76 -28
1691172238,856,1691172238,53.44085,-2.27236,3.78,1,0.12,3.85,3.58,15695,-9,0,76,0,0,A,1,100.0,:107  76 -28
1691172244,861,1691172244,53.44085,-2.27236,3.78,1,0.12,3.85,3.58,15695,-9,0,74,0,0,A,1,100.0,+
1691172249,866,1691172249,53.44084,-2.27237,3.78,1,0.18,3.85,3.58,15695,-9,0,73,0,0,A,1,100.0,+
1691172254,871,1691172254,53.44083,-2.27237,3.78,1,0.12,3.86,3.58,15583,-9,0,73,0,0,A,2,100.0,: 27  73   2 **** Steer   27    27239 
1691172259,876,1691172259,53.44083,-2.27237,3.78,1,0.08,3.87,3.58,15583,-9,0,75,0,0,A,2,100.0,: 27  75  32
1691172264,882,1691172264,53.44082,-2.27236,3.78,1,0.11,3.88,3.59,15911,-9,0,75,0,0,A,2,100.0,: 27  75  28 **** Sat logged 
1691172269,887,1691172269,53.44082,-2.27236,3.78,1,0.10,3.91,3.64,15911,-9,0,75,0,0,A,2,100.0,+
1691172275,892,1691172275,53.44082,-2.27236,3.78,1,0.10,3.91,3.83,15911,-9,0,75,0,0,A,2,100.0,+
1691172280,897,1691172280,53.44082,-2.27236,3.78,1,0.02,3.91,3.85,15911,-9,0,77,0,0,A,2,100.0,+
1691172285,902,1691172285,53.44082,-2.27236,3.78,1,0.01,3.91,3.82,15911,-9,0,76,0,0,A,1,100.0,:106  76 -16 **** To A0, 80, 3175m Steer  106    53928 
1691172290,907,1691172290,53.44082,-2.27236,3.78,1,0.11,3.91,3.59,15911,-9,0,75,0,0,A,1,100.0,:106  75 -32
1691172295,913,1691172295,53.44082,-2.27235,3.78,1,0.12,3.91,3.59,15911,-9,0,75,0,0,A,1,100.0,:106  75 -28
1691172300,918,1691172300,53.44083,-2.27234,3.78,1,0.14,3.90,3.59,15911,-9,0,75,0,0,A,1,100.0,+
1691172300,923,1691172300,53.44083,-2.27234,3.78,1,0.14,3.90,3.59,15911,-9,0,75,0,0,A,1,100.0,+
1691172311,928,1691172311,53.44084,-2.27233,3.78,1,0.14,3.90,3.64,15911,-9,0,74,0,0,A,1,100.0,+
1691172316,933,1691172316,53.44085,-2.27232,3.78,1,0.06,3.90,3.62,15911,-9,0,77,0,0,A,1,100.0,:106  77 -28
1691172321,939,1691172321,53.44085,-2.27232,3.78,1,0.16,3.89,3.61,15911,-9,0,76,0,0,A,1,100.0,+
1691172326,944,1691172326,53.44085,-2.27230,3.78,1,0.10,3.88,3.60,15911,-9,0,74,0,0,A,1,100.0,+
1691172331,949,1691172331,53.44084,-2.27229,3.78,1,0.13,3.88,3.60,15911,-9,0,75,0,0,A,1,100.0,+
1691172331,954,1691172331,53.44084,-2.27229,3.78,1,0.13,3.89,3.58,15911,-9,0,74,0,0,A,2,100.0,: 26  74 -20 **** Steer   26    26302 
1691172342,959,1691172342,53.44085,-2.27228,3.78,1,0.20,3.90,3.58,15911,-9,0,77,0,0,A,2,100.0,+
1691172347,964,1691172347,53.44085,-2.27227,3.78,1,0.12,3.90,3.58,15911,-9,0,75,0,0,A,2,100.0,+
1691172352,970,1691172352,53.44085,-2.27226,3.78,1,0.12,3.90,3.58,15911,-9,0,75,0,0,A,2,100.0,+
1691172357,975,1691172357,53.44085,-2.27226,3.78,1,0.09,3.90,3.78,15911,-9,0,76,0,0,A,2,100.0,+
1691172362,980,1691172362,53.44085,-2.27226,3.78,1,0.07,3.90,3.78,15911,-9,0,76,0,0,A,2,100.0,+
1691172368,985,1691172368,53.44085,-2.27226,3.78,1,0.05,3.90,3.78,15911,-9,0,75,0,0,A,1,100.0,:105  75 -28 **** To A0, 80, 3168m Steer  105    54378 
1691172373,990,1691172373,53.44085,-2.27226,3.78,1,0.08,3.90,3.71,15911,-9,0,74,0,0,A,1,100.0,+
1691172378,995,1691172378,53.44085,-2.27225,3.78,1,0.09,3.90,3.66,15911,-9,0,77,0,0,A,1,100.0,:105  77 -28
1691172383,1001,1691172383,53.44085,-2.27225,3.78,1,0.09,3.90,3.65,15911,-9,0,75,0,0,A,1,100.0,+
1691172388,1006,1691172388,53.44086,-2.27225,3.78,1,0.08,3.89,3.64,15911,-9,0,73,0,0,A,1,100.0,+
1691172394,1011,1691172394,53.44086,-2.27227,3.78,1,1.20,3.89,3.64,15911,-9,0,75,0,0,A,1,100.0,+
1691172399,1016,1691172399,53.44085,-2.27228,3.78,1,0.11,3.89,3.57,15911,-9,0,72,0,0,A,1,100.0,+
1691172404,1021,1691172404,53.44088,-2.27226,3.78,1,0.12,3.89,3.57,15911,-9,0,76,0,0,A,1,100.0,:105  76 -24
1691172409,1026,1691172409,53.44090,-2.27225,3.78,1,0.29,3.89,3.57,15911,-9,0,76,0,0,A,1,100.0,:105  76 -28
1691172414,1032,1691172414,53.44099,-2.27223,3.78,1,1.31,3.89,3.57,15911,-9,0,75,0,0,A,1,100.0,+
1691172419,1037,1691172419,53.44102,-2.27225,3.78,1,0.32,3.89,3.61,15911,-9,0,76,0,0,A,1,100.0,:105  76 -28
1691172425,1042,1691172425,53.44103,-2.27226,3.78,1,0.32,3.92,3.62,15911,-9,0,75,0,0,A,2,100.0,+ **** Steer   25    25357 
1691172430,1047,1691172430,53.44102,-2.27225,3.78,1,0.23,3.92,3.64,15911,-9,0,74,0,0,A,2,100.0,: 25  74  28
1691172435,1052,1691172435,53.44102,-2.27226,3.78,1,0.14,3.92,3.71,15911,-9,0,75,0,0,A,2,100.0,+
1691172440,1057,1691172440,53.44101,-2.27226,3.78,1,0.19,3.92,3.78,15911,-9,0,75,0,0,A,2,100.0,+
1691172445,1063,1691172445,53.44100,-2.27226,3.78,1,0.13,3.91,3.80,15911,-9,0,76,0,0,A,2,100.0,+
1691172450,1068,1691172450,53.44100,-2.27226,3.78,1,0.11,3.91,3.83,15911,-9,0,75,0,0,A,1,100.0,:106  75 -13 **** To A0, 80, 3165m Steer  106    53928 
1691172456,1073,1691172456,53.44100,-2.27226,3.78,1,0.11,3.91,3.58,15911,-9,0,75,0,0,A,1,100.0,:106  75 -24
1691172461,1078,1691172461,53.44100,-2.27225,3.78,1,0.34,3.90,3.56,15911,-9,0,74,0,0,A,1,100.0,+
1691172466,1083,1691172466,53.44099,-2.27225,3.78,1,0.10,3.90,3.56,15911,-9,0,76,0,0,A,1,100.0,:106  76 -24
1691172471,1089,1691172471,53.44099,-2.27225,3.78,1,0.04,3.88,3.56,15911,-9,0,73,0,0,A,1,100.0,+
1691172476,1094,1691172476,53.44099,-2.27224,3.78,1,0.05,3.87,3.56,15911,-9,0,74,0,0,A,1,100.0,+
1691172481,1099,1691172481,53.44099,-2.27224,3.78,1,0.11,3.87,3.56,15911,-9,0,76,0,0,A,1,100.0,+
1691172487,1104,1691172487,53.44098,-2.27224,3.78,1,0.11,3.89,3.56,15911,-9,0,76,0,0,A,1,100.0,:106  76 -28
1691172492,1109,1691172492,53.44098,-2.27224,3.78,1,0.22,3.89,3.56,15911,-9,0,76,0,0,A,1,100.0,:106  76 -20
1691172497,1114,1691172497,53.44098,-2.27225,3.78,1,0.30,3.89,3.59,15911,-9,0,73,0,0,A,1,100.0,+
1691172502,1120,1691172502,53.44096,-2.27227,3.78,1,0.22,3.89,3.54,15911,-9,0,75,0,0,A,2,100.0,: 26  75 -20 **** Steer   26    26302 
1691172507,1125,1691172507,53.44096,-2.27226,3.78,1,0.25,3.89,3.54,15911,-9,0,76,0,0,A,2,100.0,+
1691172512,1130,1691172512,53.44097,-2.27227,3.78,1,0.11,3.89,3.54,15911,-9,0,74,0,0,A,2,100.0,+
1691172512,1135,1691172512,53.44097,-2.27227,3.64,1,0.11,3.89,3.54,15911,-9,0,76,0,0,A,2,100.0,+
1691172523,1140,1691172523,53.44097,-2.27227,3.64,1,0.05,3.89,3.75,15911,-9,0,76,0,0,A,2,100.0,+
1691172528,1145,1691172528,53.44097,-2.27226,3.64,1,0.12,3.89,3.75,15911,-9,0,76,0,0,A,2,100.0,: 26  76  33
1691172533,1151,1691172533,53.44098,-2.27226,3.64,1,0.02,3.89,3.75,15911,-9,0,74,0,0,A,1,100.0,:106  74 -28 **** To A0, 80, 3166m Steer  106    53928 
1691172538,1156,1691172538,53.44097,-2.27227,3.64,1,0.05,3.89,3.65,15911,-9,0,75,0,0,A,1,100.0,+
1691172543,1161,1691172543,53.44097,-2.27226,3.64,1,0.17,3.89,3.54,15911,-9,0,74,0,0,A,1,100.0,+
1691172549,1166,1691172549,53.44097,-2.27226,3.64,1,0.25,3.89,3.54,15911,-9,0,75,0,0,A,1,100.0,:106  75 -28
1691172554,1171,1691172554,53.44097,-2.27226,3.64,1,0.10,3.89,3.54,15911,-9,0,76,0,0,A,1,100.0,:106  76 -28
1691172559,1176,1691172559,53.44097,-2.27224,3.64,1,0.21,3.90,3.54,15911,-9,0,77,0,0,A,1,100.0,:106  77 -24
1691172564,1182,1691172564,53.44096,-2.27224,3.64,1,0.07,3.90,3.60,15911,-9,0,76,0,0,A,1,100.0,+
1691172569,1187,1691172569,53.44098,-2.27221,3.64,1,0.86,3.90,3.60,15911,-9,0,76,0,0,A,1,100.0,:106  76 -28
1691172575,1192,1691172575,53.44098,-2.27220,3.64,1,0.86,3.90,3.53,15911,-9,0,74,0,0,A,1,100.0,+
1691172580,1197,1691172580,53.44098,-2.27218,3.64,1,0.50,3.87,3.53,15911,-9,0,75,0,0,A,1,100.0,+
1691172585,1202,1691172585,53.44099,-2.27217,3.64,1,0.29,3.87,3.53,15911,-9,0,76,0,0,A,1,100.0,+
1691172590,1207,1691172590,53.44099,-2.27217,3.64,1,0.13,3.87,3.53,15911,-9,0,76,0,0,A,2,100.0,+ **** Steer   26    26302 
1691172595,1213,1691172595,53.44100,-2.27216,3.64,1,0.22,3.89,3.54,15911,-9,0,76,0,0,A,2,100.0,+
1691172600,1218,1691172600,53.44101,-2.27216,3.64,1,0.15,3.89,3.62,15735,-9,0,74,0,0,A,2,100.0,: 26  74  28
1691172605,1223,1691172605,53.44101,-2.27216,3.64,1,0.11,3.89,3.75,15583,-9,0,76,0,0,A,2,100.0,: 26  76  33
1691172605,1228,1691172605,53.44101,-2.27216,3.18,1,0.11,3.89,3.79,15583,-9,0,75,0,0,A,2,100.0,: 26  75  33
1691172616,1233,1691172616,53.44098,-2.27219,3.18,1,0.15,3.87,3.79,15671,-9,0,76,0,0,A,1,100.0,:107  76  -4 **** To A0, 80, 3160m Steer  107    53460 
1691172621,1239,1691172621,53.44096,-2.27221,3.18,1,0.54,3.86,3.64,15671,-9,0,74,0,0,A,1,100.0,:107  74 -28
1691172626,1244,1691172626,53.44097,-2.27219,3.18,1,0.69,3.86,3.58,15671,-9,0,76,0,0,A,1,100.0,+
1691172631,1249,1691172631,53.44096,-2.27221,3.18,1,0.44,3.86,3.56,15671,-9,0,77,0,0,A,1,100.0,:107  77 -28
1691172637,1254,1691172637,53.44096,-2.27221,3.18,1,0.44,3.86,3.56,15671,-9,0,74,0,0,A,1,100.0,+
1691172642,1259,1691172642,53.44095,-2.27222,3.18,1,0.05,3.83,3.56,15671,-9,0,76,0,0,A,1,100.0,:107  76 -25
1691172647,1264,1691172647,53.44096,-2.27221,3.18,1,0.22,3.83,3.56,15583,-9,0,75,0,0,A,1,100.0,:107  75 -32
1691172652,1270,1691172652,53.44096,-2.27221,3.18,1,0.12,3.84,3.56,15583,-9,0,76,0,0,A,1,100.0,:107  76 -32
1691172657,1275,1691172657,53.44095,-2.27222,3.18,1,0.56,3.84,3.57,15583,-9,0,75,0,0,A,1,100.0,:107  75 -25
1691172662,1280,1691172662,53.44096,-2.27221,3.18,1,0.44,3.84,3.57,15695,-9,0,75,0,0,A,1,100.0,:107  75 -28
1691172662,1285,1691172662,53.44096,-2.27221,4.74,1,0.44,3.84,3.57,15695,-9,0,75,0,0,A,1,100.0,+
1691172673,1290,1691172673,53.44095,-2.27220,4.74,1,0.04,3.83,3.57,15583,-9,0,76,0,0,A,2,100.0,+ **** Steer   27    27239 
1691172678,1295,1691172678,53.44094,-2.27220,4.74,1,0.13,3.85,3.61,15695,-9,0,75,0,0,A,2,100.0,+
1691172683,1301,1691172683,53.44094,-2.27221,4.74,1,0.06,3.89,3.64,15695,-9,0,74,0,0,A,2,100.0,+
1691172688,1306,1691172688,53.44093,-2.27221,4.74,1,0.10,3.89,3.74,15583,-9,0,75,0,0,A,2,100.0,+
1691172693,1311,1691172693,53.44093,-2.27221,4.74,1,0.26,3.89,3.83,15583,-9,0,73,0,0,A,2,100.0,: 27  73  28
1691172696,1316,1691172696,53.44093,-2.27222,3.52,1,0.08,3.89,3.82,15583,-9,0,74,0,0,A,1,100.0,:106  74  -4 **** To A0, 80, 3164m Steer  106    53928 
1691172704,1321,1691172704,53.44093,-2.27221,3.52,1,0.02,3.88,3.56,15583,-9,0,75,0,0,A,1,100.0,+
1691172709,1326,1691172709,53.44093,-2.27221,3.52,1,0.08,3.88,3.56,15695,-9,0,75,0,0,A,1,100.0,+
1691172714,1332,1691172714,53.44092,-2.27221,3.52,1,0.08,3.84,3.56,15695,-9,0,75,0,0,A,1,100.0,:106  75 -28
1691172719,1337,1691172719,53.44092,-2.27221,3.52,1,0.07,3.84,3.56,15695,-9,0,75,0,0,A,1,100.0,:106  75 -28
1691172724,1342,1691172724,53.44092,-2.27221,3.52,1,0.02,3.83,3.56,15695,-9,0,74,0,0,A,1,100.0,:106  74 -32
1691172730,1347,1691172730,53.44092,-2.27221,3.52,1,0.04,3.83,3.54,15583,-9,0,75,0,0,A,1,100.0,+
1691172735,1352,1691172735,53.44092,-2.27221,3.52,1,0.08,3.83,3.54,15583,-9,0,75,0,0,A,1,100.0,:106  75 -28
1691172740,1357,1691172740,53.44092,-2.27221,3.52,1,0.20,3.83,3.54,15583,-9,0,76,0,0,A,1,100.0,+
1691172745,1363,1691172745,53.44092,-2.27220,3.52,1,0.06,3.83,3.54,15695,-9,0,75,0,0,A,1,100.0,+
1691172750,1368,1691172750,53.44092,-2.27220,3.52,1,0.05,3.83,3.59,15695,-9,0,75,0,0,A,1,100.0,:106  75 -28
1691172755,1373,1691172755,53.44092,-2.27220,3.52,1,0.13,3.83,3.59,15583,-9,0,76,0,0,A,2,100.0,+ **** Steer   26    26302 
1691172755,1378,1691172755,53.44092,-2.27220,6.56,1,0.13,3.86,3.59,15583,-9,0,75,0,0,A,2,100.0,: 26  75  33
1691172766,1383,1691172766,53.44093,-2.27220,6.56,1,0.05,3.90,3.62,15911,-9,0,76,0,0,A,2,100.0,: 26  76  33 **** Sat logged 
1691172771,1388,1691172771,53.44093,-2.27220,6.56,1,0.13,3.90,3.62,15911,-9,0,76,0,0,A,2,100.0,+
1691172776,1394,1691172776,53.44093,-2.27220,6.56,1,0.04,3.90,3.80,15911,-9,0,75,0,0,A,2,100.0,: 26  75  28
1691172781,1399,1691172781,53.44093,-2.27220,6.56,1,0.04,3.90,3.80,15911,-9,0,77,0,0,A,1,100.0,:105  77  12 **** To A0, 80, 3163m Steer  105    54378 
1691172787,1404,1691172787,53.44093,-2.27221,6.56,1,0.04,3.89,3.58,15911,-9,0,75,0,0,A,1,100.0,:105  75 -28
1691172792,1409,1691172792,53.44092,-2.27222,6.56,1,0.76,3.89,3.53,15911,-9,0,75,0,0,A,1,100.0,:105  75 -28
1691172797,1414,1691172797,53.44093,-2.27223,6.56,1,0.44,3.89,3.53,15911,-9,0,75,0,0,A,1,100.0,+
1691172802,1420,1691172802,53.44093,-2.27225,6.56,1,0.37,3.89,3.53,15911,-9,0,74,0,0,A,1,100.0,+
1691172807,1425,1691172807,53.44094,-2.27225,6.56,1,0.10,3.89,3.53,15911,-9,0,75,0,0,A,1,100.0,:105  75 -28
1691172812,1430,1691172812,53.44095,-2.27225,6.56,1,0.07,3.89,3.59,15911,-9,0,76,0,0,A,1,100.0,:105  76 -28
1691172818,1435,1691172818,53.44094,-2.27226,6.56,1,0.07,3.90,3.59,15911,-9,0,75,0,0,A,1,100.0,+
1691172823,1440,1691172823,53.44094,-2.27226,6.56,1,0.04,3.90,3.59,15911,-9,0,74,0,0,A,1,100.0,+
1691172828,1445,1691172828,53.44093,-2.27226,6.56,1,0.06,3.90,3.56,15911,-9,0,75,0,0,A,1,100.0,:105  75 -28
1691172833,1451,1691172833,53.44093,-2.27226,6.56,1,0.11,3.90,3.56,15911,-9,0,77,0,0,A,1,100.0,:105  77 -28
1691172838,1456,1691172838,53.44093,-2.27226,6.56,1,0.14,3.90,3.56,15911,-9,0,75,0,0,A,2,100.0,: 25  75  28 **** Steer   25    25357 
1691172843,1461,1691172843,53.44093,-2.27227,6.56,1,0.06,3.90,3.56,15911,-9,0,75,0,0,A,2,100.0,+
1691172843,1466,1691172843,53.44093,-2.27227,3.16,1,0.06,3.90,3.67,15911,-9,0,76,0,0,A,2,100.0,: 25  76  28
1691172854,1471,1691172854,53.44091,-2.27228,3.16,1,0.21,3.90,3.67,15911,-9,0,76,0,0,A,2,100.0,+
1691172859,1476,1691172859,53.44091,-2.27228,3.16,1,0.10,3.90,3.80,15911,-9,0,74,0,0,A,2,100.0,+
1691172864,1482,1691172864,53.44091,-2.27228,3.16,1,0.14,3.90,3.82,15911,-9,0,75,0,0,A,1,100.0,:106  75   5 **** To A0, 80, 3168m Steer  106    53928 
1691172869,1487,1691172869,53.44090,-2.27227,3.16,1,0.20,3.89,3.69,15911,-9,0,76,0,0,A,1,100.0,+
1691172874,1492,1691172874,53.44090,-2.27227,3.16,1,0.24,3.89,3.62,15911,-9,0,75,0,0,A,1,100.0,+
1691172874,1497,1691172874,53.44090,-2.27227,5.24,1,0.24,3.89,3.62,15911,-9,0,76,0,0,A,1,100.0,:106  76 -24
1691172885,1502,1691172885,53.44094,-2.27232,5.24,1,0.19,3.88,3.62,15911,-9,0,74,0,0,A,1,100.0,+
1691172890,1507,1691172890,53.44097,-2.27233,5.24,1,0.59,3.88,3.54,15911,-9,0,74,0,0,A,1,100.0,+
1691172895,1513,1691172895,53.44098,-2.27231,5.24,1,0.41,3.89,3.54,15911,-9,0,74,0,0,A,1,100.0,+
1691172900,1518,1691172900,53.44099,-2.27229,5.24,1,0.14,3.89,3.54,15911,-9,0,74,0,0,A,1,100.0,+
1691172905,1523,1691172905,53.44099,-2.27226,5.24,1,0.25,3.89,3.54,15911,-9,0,76,0,0,A,1,100.0,:106  76 -24
1691172905,1528,1691172905,53.44099,-2.27226,5.22,1,0.25,3.89,3.56,15911,-9,0,76,0,0,A,1,100.0,:106  76 -24
1691172916,1533,1691172916,53.44098,-2.27227,5.22,1,0.38,3.89,3.56,15911,-9,0,74,0,0,A,1,100.0,+
1691172921,1538,1691172921,53.44094,-2.27227,5.22,1,0.38,3.90,3.61,15911,-9,0,74,0,0,A,2,100.0,: 26  74  23 **** Steer   26    26302 
1691172926,1544,1691172926,53.44092,-2.27229,5.22,1,0.06,3.90,3.61,15911,-9,0,75,0,0,A,2,100.0,+
1691172931,1549,1691172931,53.44093,-2.27230,5.22,1,0.68,3.90,3.61,15911,-9,0,75,0,0,A,2,100.0,+
1691172937,1554,1691172937,53.44093,-2.27231,5.22,1,0.68,3.90,3.62,15911,-9,0,74,0,0,A,2,100.0,+
1691172942,1559,1691172942,53.44093,-2.27231,5.22,1,0.37,3.91,3.83,15911,-9,0,75,0,0,A,2,100.0,+
1691172947,1564,1691172947,53.44093,-2.27231,5.22,1,0.13,3.91,3.83,15911,-9,0,76,0,0,A,1,100.0,:107  76  12 **** To A0, 80, 3170m Steer  107    53460 
1691172952,1570,1691172952,53.44093,-2.27230,5.22,1,0.14,3.91,3.83,15911,-9,0,74,0,0,A,1,100.0,+
1691172957,1575,1691172957,53.44094,-2.27228,5.22,1,0.07,3.91,3.57,15911,-9,0,74,0,0,A,1,100.0,+
1691172962,1580,1691172962,53.44093,-2.27228,5.22,1,0.08,3.88,3.55,15911,-9,0,77,0,0,A,1,100.0,:107  77 -24
1691172968,1585,1691172968,53.44094,-2.27226,5.22,1,0.08,3.87,3.55,15911,-9,0,74,0,0,A,1,100.0,+
1691172973,1590,1691172973,53.44095,-2.27225,5.22,1,0.27,3.87,3.55,15911,-9,0,76,0,0,A,1,100.0,:107  76 -24
1691172978,1595,1691172978,53.44095,-2.27222,5.22,1,0.22,3.89,3.55,15911,-9,0,74,0,0,A,1,100.0,+
1691172983,1601,1691172983,53.44096,-2.27219,5.22,1,0.29,3.89,3.56,15911,-9,0,76,0,0,A,1,100.0,:107  76 -28
1691172988,1606,1691172988,53.44095,-2.27216,5.22,1,0.27,3.89,3.56,15911,-9,0,74,0,0,A,1,100.0,+
1691172993,1611,1691172993,53.44096,-2.27216,5.22,1,0.29,3.89,3.56,15911,-9,0,75,0,0,A,1,100.0,+
1691172999,1616,1691172999,53.44096,-2.27215,5.22,1,0.29,3.86,3.56,15911,-9,0,73,0,0,A,1,100.0,+
1691173004,1621,1691173004,53.44095,-2.27216,5.22,1,0.15,3.87,3.56,15911,-9,0,74,0,0,A,2,100.0,: 27  74  28 **** Steer   27    27239 
1691173009,1626,1691173009,53.44093,-2.27218,5.22,1,0.65,3.87,3.56,15911,-9,0,75,0,0,A,2,100.0,+
1691173014,1632,1691173014,53.44093,-2.27222,5.22,1,0.42,3.88,3.58,15911,-9,0,75,0,0,A,2,100.0,+
1691173019,1637,1691173019,53.44093,-2.27225,5.22,1,0.16,3.91,3.60,15911,-9,0,76,0,0,A,2,100.0,+
1691173024,1642,1691173024,53.44093,-2.27226,5.22,1,0.19,3.91,3.81,15911,-9,0,74,0,0,A,2,100.0,+
1691173029,1647,1691173029,53.44092,-2.27226,3.16,1,0.03,3.91,3.82,15911,-9,0,75,0,0,A,1,100.0,:107  75  28 **** To A0, 80, 3167m Steer  107    53460 
1691173035,1652,1691173035,53.44092,-2.27226,3.16,1,0.05,3.91,3.77,15911,-9,0,75,0,0,A,1,100.0,:107  75 -28
1691173040,1657,1691173040,53.44092,-2.27226,3.16,1,0.02,3.89,3.53,15911,-9,0,75,0,0,A,1,100.0,+
1691173045,1663,1691173045,53.44092,-2.27227,3.16,1,0.06,3.88,3.53,15911,-9,0,74,0,0,A,1,100.0,+
1691173050,1668,1691173050,53.44092,-2.27227,3.16,1,0.28,3.87,3.53,15911,-9,0,76,0,0,A,1,100.0,:107  76 -28
1691173055,1673,1691173055,53.44092,-2.27227,3.16,1,0.07,3.87,3.53,15911,-9,0,75,0,0,A,1,100.0,:107  75 -28
1691173061,1678,1691173061,53.44092,-2.27227,3.16,1,0.13,3.87,3.53,15911,-9,0,75,0,0,A,1,100.0,+
1691173066,1683,1691173066,53.44092,-2.27226,3.16,1,0.15,3.87,3.55,15911,-9,0,73,0,0,A,1,100.0,+
1691173071,1689,1691173071,53.44093,-2.27226,3.16,1,0.28,3.89,3.57,15911,-9,0,76,0,0,A,1,100.0,:107  76 -24
1691173076,1694,1691173076,53.44093,-2.27227,3.16,1,0.13,3.89,3.57,15911,-9,0,76,0,0,A,1,100.0,+
1691173081,1699,1691173081,53.44093,-2.27228,3.16,1,0.19,3.89,3.51,15911,-9,0,77,0,0,A,1,100.0,:107  77 -28
1691173087,1704,1691173087,53.44093,-2.27229,3.16,1,0.19,3.89,3.51,15911,-9,0,75,0,0,A,2,100.0,: 27  75  15 **** Steer   27    27239 
1691173092,1709,1691173092,53.44093,-2.27229,3.16,1,0.07,3.89,3.51,15911,-9,0,75,0,0,A,2,100.0,: 27  75  32
1691173097,1714,1691173097,53.44093,-2.27229,3.16,1,0.08,3.89,3.51,15911,-9,0,76,0,0,A,2,100.0,+
1691173102,1720,1691173102,53.44093,-2.27229,3.16,1,0.22,3.89,3.74,15911,-9,0,74,0,0,A,2,100.0,: 27  74  28
1691173107,1725,1691173107,53.44093,-2.27229,3.16,1,0.17,3.89,3.76,15911,-9,0,76,0,0,A,2,100.0,+
1691173112,1730,1691173112,53.44093,-2.27230,3.16,1,0.13,3.89,3.76,15911,-9,0,75,0,0,A,2,100.0,+
1691173112,1735,1691173112,53.44093,-2.27230,3.16,1,0.13,3.88,3.76,15911,-9,0,77,0,0,A,1,100.0,:108  77 -28 **** To A0, 80, 3169m Steer  108    52977 
1691173123,1740,1691173123,53.44094,-2.27231,3.16,1,0.10,3.89,3.59,15911,-9,0,75,0,0,A,1,100.0,:108  75 -28
1691173128,1745,1691173128,53.44094,-2.27232,3.16,1,0.16,3.89,3.52,15911,-9,0,73,0,0,A,1,100.0,:108  73 -28
1691173133,1751,1691173133,53.44093,-2.27233,3.16,1,0.21,3.89,3.52,15911,-9,0,75,0,0,A,1,100.0,+
1691173138,1756,1691173138,53.44093,-2.27233,3.16,1,0.08,3.89,3.52,15911,-9,0,76,0,0,A,1,100.0,:108  76 -20
1691173143,1761,1691173143,53.44093,-2.27232,3.16,1,0.04,3.85,3.52,15911,-9,0,73,0,0,A,1,100.0,+
1691173143,1766,1691173143,53.44093,-2.27232,7.08,1,0.04,3.85,3.54,15911,-9,0,75,0,0,A,1,100.0,+
1691173154,1771,1691173154,53.44093,-2.27232,7.08,1,0.04,3.87,3.54,15911,-9,0,74,0,0,A,1,100.0,+
1691173159,1777,1691173159,53.44093,-2.27233,7.08,1,0.23,3.87,3.54,15911,-9,0,76,0,0,A,1,100.0,:108  76 -32
1691173164,1782,1691173164,53.44094,-2.27233,7.08,1,0.06,3.87,3.54,15911,-9,0,77,0,0,A,1,100.0,:108  77 -28
1691173169,1787,1691173169,53.44093,-2.27233,7.08,1,0.48,3.87,3.56,15911,-9,0,76,0,0,A,2,100.0,: 28  76  16 **** Steer   28    28168 
1691173174,1792,1691173174,53.44092,-2.27233,7.08,1,0.06,3.87,3.56,15911,-9,0,75,0,0,A,2,100.0,+
1691173180,1797,1691173180,53.44092,-2.27233,7.08,1,0.06,3.88,3.56,15911,-9,0,76,0,0,A,2,100.0,+
1691173185,1802,1691173185,53.44092,-2.27233,7.08,1,0.17,3.88,3.56,15911,-9,0,75,0,0,A,2,100.0,: 28  75  32
1691173190,1807,1691173190,53.44092,-2.27233,7.08,1,0.05,3.88,3.79,15911,-9,0,75,0,0,A,2,100.0,+
1691173195,1813,1691173195,53.44091,-2.27233,7.08,1,0.31,3.92,3.79,15911,-9,0,75,0,0,A,2,100.0,: 28  75  32
1691173200,1818,1691173200,53.44092,-2.27233,7.08,1,0.14,3.92,3.76,15735,-9,0,74,0,0,A,1,100.0,:105  74 -28 **** To A0, 80, 3172m Steer  105    54378 
1691173205,1823,1691173205,53.44092,-2.27233,7.08,1,0.09,3.92,3.56,15583,-9,0,74,0,0,A,1,100.0,+
1691173205,1828,1691173205,53.44092,-2.27233,7.16,1,0.09,3.92,3.56,15583,-9,0,74,0,0,A,1,100.0,+
1691173216,1833,1691173216,53.44093,-2.27233,7.16,1,0.02,3.87,3.55,15695,-9,0,75,0,0,A,1,100.0,:105  75 -28
1691173221,1838,1691173221,53.44093,-2.27232,7.16,1,0.13,3.83,3.55,15695,-9,0,75,0,0,A,1,100.0,:105  75 -28
1691173226,1844,1691173226,53.44093,-2.27232,7.16,1,0.27,3.82,3.55,15583,-9,0,73,0,0,A,1,100.0,:105  73 -31
1691173231,1849,1691173231,53.44094,-2.27231,7.16,1,0.10,3.82,3.55,15583,-9,0,74,0,0,A,1,100.0,+
1691173236,1854,1691173236,53.44093,-2.27232,7.16,1,0.12,3.80,3.58,15695,-9,0,74,0,0,A,1,100.0,+
1691173242,1859,1691173242,53.44094,-2.27232,7.16,1,0.12,3.80,3.54,15695,-9,0,75,0,0,A,1,100.0,:105  75 -28
1691173247,1864,1691173247,53.44094,-2.27232,7.16,1,0.04,3.81,3.54,15695,-9,0,75,0,0,A,1,100.0,+
1691173252,1870,1691173252,53.44095,-2.27233,7.16,1,0.10,3.82,3.54,15695,-9,0,77,0,0,A,1,100.0,:105  77 -28
1691173257,1875,1691173257,53.44095,-2.27232,7.16,1,0.04,3.82,3.54,15671,-9,0,75,0,0,A,2,100.0,+ **** Steer   25    25357 
1691173262,1880,1691173262,53.44095,-2.27232,7.16,1,0.23,3.82,3.61,15671,-9,0,75,0,0,A,2,100.0,+
1691173267,1885,1691173267,53.44095,-2.27231,7.16,1,0.05,3.82,3.61,15671,-9,0,77,0,0,A,2,100.0,+
1691173267,1890,1691173267,53.44095,-2.27231,3.14,1,0.05,3.82,3.61,15671,-9,0,76,0,0,A,2,100.0,: 25  76  33
1691173278,1895,1691173278,53.44093,-2.27230,3.14,1,0.12,3.85,3.74,15671,-9,0,75,0,0,A,2,100.0,: 25  75  33
1691173283,1901,1691173283,53.44092,-2.27229,3.14,1,0.06,3.85,3.74,15911,-9,0,74,0,0,A,1,100.0,:107  74 -21 **** To A0, 80, 3169m Steer  107    53460 
1691173288,1906,1691173288,53.44092,-2.27229,3.14,1,0.17,3.85,3.72,15911,-9,0,76,0,0,A,1,100.0,+
1691173293,1911,1691173293,53.44092,-2.27228,3.14,1,0.12,3.85,3.68,15671,-9,0,76,0,0,A,1,100.0,:107  76 -28
1691173298,1916,1691173298,53.44092,-2.27227,3.14,1,0.11,3.85,3.57,15583,-9,0,75,0,0,A,1,100.0,+
1691173304,1921,1691173304,53.44091,-2.27226,3.14,1,0.09,3.83,3.57,15583,-9,0,75,0,0,A,1,100.0,+
1691173309,1926,1691173309,53.44091,-2.27225,3.14,1,0.13,3.81,3.54,15583,-9,0,75,0,0,A,1,100.0,+
1691173314,1932,1691173314,53.44091,-2.27225,3.14,1,0.07,3.77,3.54,15911,-9,0,75,0,0,A,1,100.0,+ **** Sat logged 
1691173319,1937,1691173319,53.44091,-2.27225,3.14,1,0.04,3.85,3.54,15911,-9,0,76,0,0,A,1,100.0,:107  76 -17
1691173324,1942,1691173324,53.44091,-2.27225,3.14,1,0.22,3.86,3.54,15911,-9,0,74,0,0,A,1,100.0,+
1691173324,1947,1691173324,53.44091,-2.27225,3.14,1,0.22,3.86,3.55,15911,-9,0,75,0,0,A,1,100.0,+
1691173335,1952,1691173335,53.44091,-2.27227,3.14,1,0.10,3.86,3.55,15919,-9,0,76,0,0,A,2,100.0, **** Steer   27    27239 
1691173340,1957,1691173340,53.44091,-2.27227,3.14,1,0.22,3.86,3.55,15911,-9,0,75,0,0,A,2,100.0,: 27  75  32
1691173345,1963,1691173345,53.44091,-2.27228,3.14,1,0.09,3.85,3.55,15911,-9,0,75,0,0,A,2,100.0,+
1691173351,1968,1691173351,53.44090,-2.27231,3.14,1,0.09,3.87,3.55,15911,-9,0,76,0,0,A,2,100.0,: 27  76  33
1691173356,1973,1691173356,53.44090,-2.27229,3.14,1,0.11,3.87,3.81,15911,-9,0,76,0,0,A,2,100.0,+
1691173361,1978,1691173361,53.44090,-2.27229,3.14,1,0.08,3.87,3.82,15911,-9,0,76,0,0,A,2,100.0,+
1691173366,1983,1691173366,53.44091,-2.27229,3.14,1,0.25,3.87,3.82,15911,-9,0,76,0,0,A,1,100.0,:108  76  -4 **** To A0, 80, 3169m Steer  108    52977 
1691173371,1989,1691173371,53.44093,-2.27231,3.14,1,0.71,3.87,3.64,15911,-9,0,76,0,0,A,1,100.0,:108  76 -28
1691173376,1994,1691173376,53.44093,-2.27230,3.14,1,0.18,3.85,3.53,15911,-9,0,76,0,0,A,1,100.0,+
1691173381,1999,1691173381,53.44092,-2.27231,3.14,1,0.06,3.86,3.53,15911,-9,0,75,0,0,A,1,100.0,+
1691173386,2004,1691173386,53.44092,-2.27232,3.14,1,0.10,3.86,3.53,15911,-9,0,74,0,0,A,1,100.0,+
1691173392,2009,1691173392,53.44092,-2.27233,3.14,1,0.23,3.86,3.53,15911,-9,0,75,0,0,A,1,100.0,:108  75 -28
1691173397,2014,1691173397,53.44093,-2.27233,3.14,1,0.10,3.86,3.55,15911,-9,0,75,0,0,A,1,100.0,+
1691173402,2020,1691173402,53.44093,-2.27232,3.14,1,0.07,3.86,3.55,15911,-9,0,76,0,0,A,1,100.0,+
1691173407,2025,1691173407,53.44093,-2.27232,3.14,1,0.17,3.86,3.55,15911,-9,0,78,0,0,A,1,100.0,:108  78 -28
1691173412,2030,1691173412,53.44093,-2.27231,3.14,1,0.09,3.87,3.55,15911,-9,0,75,0,0,A,1,100.0,+
1691173418,2035,1691173418,53.44093,-2.27231,3.14,1,0.09,3.87,3.54,15911,-9,0,72,0,0,A,1,100.0,+
1691173423,2040,1691173423,53.44094,-2.27231,3.14,1,0.12,3.87,3.54,15911,-9,0,75,0,0,A,2,100.0,+ **** Steer   28    28168 
1691173428,2045,1691173428,53.44095,-2.27231,3.14,1,0.06,3.87,3.54,15911,-9,0,75,0,0,A,2,100.0,: 28  75  32
1691173433,2051,1691173433,53.44094,-2.27231,3.14,1,0.18,3.87,3.54,15911,-9,0,76,0,0,A,2,100.0,+
1691173438,2056,1691173438,53.44094,-2.27231,3.14,1,0.05,3.87,3.80,15911,-9,0,76,0,0,A,2,100.0,: 28  76  32
1691173443,2061,1691173443,53.44094,-2.27231,3.14,1,0.20,3.88,3.80,15911,-9,0,75,0,0,A,2,100.0,+
1691173447,2066,1691173447,53.44095,-2.27231,2.74,1,0.11,3.88,3.80,15911,-9,0,74,0,0,A,1,100.0,:107  74  18 **** To A0, 80, 3170m Steer  107    53460 
1691173454,2071,1691173454,53.44095,-2.27230,2.74,1,0.19,3.88,3.66,15911,-9,0,75,0,0,A,1,100.0,:107  75 -28
1691173459,2077,1691173459,53.44095,-2.27230,2.74,1,0.17,3.88,3.58,15911,-9,0,76,0,0,A,1,100.0,+
1691173464,2082,1691173464,53.44095,-2.27229,2.74,1,0.14,3.88,3.56,15911,-9,0,75,0,0,A,1,100.0,+
1691173469,2087,1691173469,53.44096,-2.27229,2.74,1,0.03,3.88,3.51,15911,-9,0,76,0,0,A,1,100.0,+
1691173474,2092,1691173474,53.44096,-2.27229,2.74,1,0.10,3.85,3.51,15911,-9,0,75,0,0,A,1,100.0,:107  75 -28
1691173474,2097,1691173474,53.44096,-2.27229,3.10,1,0.10,3.85,3.51,15911,-9,0,76,0,0,A,1,100.0,:107  76 -28
1691173485,2102,1691173485,53.44093,-2.27228,3.10,1,0.20,3.85,3.51,15911,-9,0,76,0,0,A,1,100.0,:107  76 -28
1691173490,2108,1691173490,53.44093,-2.27228,3.10,1,0.06,3.85,3.54,15911,-9,0,75,0,0,A,1,100.0,+
1691173495,2113,1691173495,53.44093,-2.27228,3.10,1,0.11,3.89,3.57,15911,-9,0,75,0,0,A,1,100.0,:107  75 -28
1691173500,2118,1691173500,53.44093,-2.27227,3.10,1,0.05,3.89,3.57,15911,-9,0,75,0,0,A,1,100.0,+
1691173506,2123,1691173506,53.44093,-2.27227,3.10,1,0.05,3.89,3.57,15911,-9,0,74,0,0,A,2,100.0,: 27  74  20 **** Steer   27    27239 
1691173506,2128,1691173506,53.44093,-2.27227,3.10,1,0.05,3.89,3.57,15911,-9,0,74,0,0,A,2,100.0,: 27  74  28
1691173516,2133,1691173516,53.44093,-2.27227,3.10,1,0.10,3.87,3.57,15911,-9,0,75,0,0,A,2,100.0,: 27  75  28
1691173521,2139,1691173521,53.44093,-2.27227,3.10,1,0.04,3.87,3.65,15911,-9,0,77,0,0,A,2,100.0,+
1691173526,2144,1691173526,53.44093,-2.27227,3.10,1,0.07,3.89,3.78,15911,-9,0,77,0,0,A,2,100.0,+
1691173531,2149,1691173531,53.44093,-2.27227,3.10,1,0.04,3.89,3.78,15911,-9,0,77,0,0,A,1,100.0,:103  77  20 **** To A0, 80, 3168m Steer  103    55230 
1691173537,2154,1691173537,53.44093,-2.27227,3.10,1,0.04,3.89,3.78,15911,-9,0,75,0,0,A,1,100.0,:103  75 -33
1691173542,2159,1691173542,53.44093,-2.27227,3.10,1,0.11,3.89,3.56,15911,-9,0,74,0,0,A,1,100.0,+
1691173547,2164,1691173547,53.44093,-2.27228,3.10,1,0.08,3.88,3.54,15911,-9,0,74,0,0,A,1,100.0,+
1691173552,2170,1691173552,53.44093,-2.27228,3.10,1,0.09,3.85,3.54,15911,-9,0,74,0,0,A,1,100.0,+
1691173557,2175,1691173557,53.44093,-2.27228,3.10,1,0.15,3.85,3.53,15911,-9,0,77,0,0,A,1,100.0,:103  77 -22
1691173562,2180,1691173562,53.44092,-2.27228,3.10,1,0.08,3.85,3.53,15911,-9,0,75,0,0,A,1,100.0,+
1691173562,2185,1691173562,53.44092,-2.27228,3.08,1,0.08,3.85,3.53,15911,-9,0,74,0,0,A,1,100.0,+
1691173573,2190,1691173573,53.44092,-2.27229,3.08,1,0.13,3.85,3.53,15911,-9,0,76,0,0,A,1,100.0,+
1691173578,2196,1691173578,53.44091,-2.27229,3.08,1,0.17,3.85,3.55,15911,-9,0,75,0,0,A,1,100.0,+
1691173583,2201,1691173583,53.44091,-2.27230,3.08,1,0.11,3.85,3.55,15911,-9,0,77,0,0,A,1,100.0,:103  77 -22
1691173588,2206,1691173588,53.44091,-2.27230,3.08,1,0.04,3.85,3.55,15919,-9,0,75,0,0,A,2,100.0, **** Steer   23    23444 
1691173593,2211,1691173593,53.44091,-2.27231,3.08,1,0.05,3.86,3.55,15911,-9,0,73,0,0,A,2,100.0,: 23  73  28
1691173593,2216,1691173593,53.44091,-2.27231,2.72,1,0.05,3.86,3.56,15911,-9,0,75,0,0,A,2,100.0,+
1691173604,2221,1691173604,53.44093,-2.27229,2.72,1,0.22,3.86,3.58,15911,14,0,75,0,0,A,2,100.0,+
