1673181087,10,53.44527,-2.22529,0,0,0.13,4.01,17879,-45,0,227,0,0, ,0, **** Starting v 2.33: route [1] 
1673181093,15,53.44532,-2.22521,0,0,0.25,4.01,17375,-4,0,230,0,0,B,0,K percent  81 **** Watchdog disabled Nav B Steer  283    36000 
1673181098,20,53.44532,-2.22521,0,0,0.14,4.01,17375,-61,0,232,0,0,B,1,K percent  80 **** Abandon: 268|318|248 To B Steer  228    29489 
1673181104,25,53.44533,-2.22522,0,0,0.07,4.01,17375,-39,0,225,0,0,B,2,K percent  80 **** Abandon: 143|263| 48 Steer  308    20649 
1673181109,31,53.44533,-2.22523,0,0,0.23,4.02,17375,-46,0,233,0,0,B,2,K percent  78
1673181114,36,53.44533,-2.22524,0,0,0.21,4.02,17375,-75,0,239,0,0,B,2,K percent  80
1673181119,41,53.44533,-2.22526,0,0,0.23,4.02,17375,-84,0,244,0,0,B,2,K percent  78
1673181122,46,53.44533,-2.22527,2.14,1,0.23,4.02,17375,52,0,151,0,0,B,0,K percent  78 **** To B Steer  259    36000 
1673181130,52,53.44534,-2.22524,2.14,1,0.14,4.02,17375,-25,0,207,0,0,B,1,K percent  78 **** Abandon: 226|294|224 To B Steer  266    35557 
1673181135,57,53.44533,-2.22525,2.14,1,0.13,4.03,17375,-38,0,225,0,0,B,1,K percent  78
1673181140,62,53.44533,-2.22526,2.14,1,0.12,4.03,17375,2,0,191,0,0,B,1,K percent  81
1673181146,67,53.44533,-2.22526,2.14,1,0.12,4.03,17375,62,0,140,0,0,B,1,K percent  78
1673181151,72,53.44532,-2.22526,2.14,1,0.13,4.04,17375,73,0,146,0,0,B,2,K percent  80 **** Abandon: 237| 86|231 Steer  186     5632 
1673181156,78,53.44532,-2.22525,2.14,1,0.16,4.04,17375,76,0,136,0,0,B,0,K percent  87 **** Abandon: 206|221|  6 To B Steer  262    36000 
1673181161,83,53.44531,-2.22524,2.14,1,0.16,4.04,17375,96,0,125,0,0,B,0,K percent  84
1673181166,88,53.44531,-2.22523,2.14,1,0.19,4.04,17375,82,0,118,0,0,B,0,K percent  78
1673181172,93,53.4453,-2.22521,2.14,1,0.18,4.04,17375,58,0,113,0,0,B,0,K percent  78
1673181177,99,53.4453,-2.2252,2.14,1,0.16,4.05,17375,57,0,106,0,0,B,0,K percent  81
1673181182,104,53.4453,-2.22518,2.14,1,0.23,4.05,17375,50,0,116,0,0,B,0,K percent  80
1673181187,109,53.4453,-2.22517,2.14,1,0.27,4.05,17375,80,0,116,0,0,B,0,K percent  77
1673181187,114,53.4453,-2.22517,2.14,1,0.27,4.05,17375,-144,0,105,0,0,B,0,K percent  78 **** To B Steer  269    36000 
1673181198,120,53.4453,-2.22514,2.14,1,0.19,4.05,17375,32,0,147,0,0,B,1,K percent  82 **** Abandon: 291|304|234 To B Steer  250    34039 
1673181203,125,53.4453,-2.22513,2.14,1,0.08,4.05,17375,10,0,177,0,0,B,2,K percent  87 **** Abandon: 180|285| 70 Steer  330    11720 
1673181208,130,53.4453,-2.22514,2.14,1,0.14,4.05,17375,47,0,172,0,0,B,2,K percent  85
1673181213,135,53.4453,-2.22514,2.14,1,1.43,4.05,17375,22,0,172,0,0,B,0,K percent  85 **** To B Steer  271    36000 
1673181218,141,53.4453,-2.22516,2.14,1,0.16,4.05,17375,-8,0,169,0,0,B,0,K percent  84
1673181224,146,53.4453,-2.22518,2.14,1,0.16,4.05,17375,-111,0,303,0,0,B,0,K percent  81
1673181229,151,53.44531,-2.22517,2.14,1,0.13,4.05,17375,-45,0,231,0,0,B,0,K percent  78
1673181234,156,53.4453,-2.22517,2.14,1,0.2,4.05,17375,-128,0,307,0,0,B,0,K percent  84
1673181239,161,53.4453,-2.22517,2.14,1,0.12,4.05,17375,-6,0,252,0,0,B,1,K percent  88 **** Abandon: 261|306|236 To B Steer  302    29956 
1673181245,167,53.4453,-2.22517,2.14,1,0.09,4.05,17375,-133,0,291,0,0,B,1,K percent  87
1673181250,172,53.4453,-2.22518,2.14,1,0.8,4.05,17375,-92,0,227,0,0,B,2,K percent  81 **** Abandon: 120|122|267 Steer  222    19453 
1673181255,177,53.4453,-2.22519,2.14,1,0.88,4.05,17375,-32,0,207,0,0,B,0,K percent  84 **** Abandon: 114|257| 42 To B Steer  271    28418 
1673181260,182,53.44529,-2.2252,2.14,1,0.16,4.05,17375,-64,0,269,0,0,B,0,K percent  87
1673181261,188,53.44529,-2.2252,2.14,1,0.16,4.05,17375,-111,0,276,0,0,B,1,K percent  84 **** Abandon: 237|306|236 To B Steer  277    26832 
1673181271,193,53.4453,-2.22521,2.14,1,0.08,4.05,17375,141,0,292,0,0,B,0,K percent  80 **** Abandon:  82| 97|242 No Tack2 To B Steer  271    29510 
1673181276,198,53.4453,-2.22522,2.14,1,0.03,4.05,17375,-73,0,296,0,0,B,0,K percent  81
1673181281,203,53.4453,-2.22522,2.14,1,0.23,3.98,17375,19,0,199,0,0,B,0,K percent  88
1673181287,209,53.4453,-2.2252,2.14,1,0.77,3.91,17375,81,0,136,0,0,B,1,K percent  80 **** Abandon: 257|306|236 To B Steer  298    26013 
1673181292,214,53.4453,-2.2252,2.14,1,0.03,3.91,17375,125,0,125,0,0,B,1,K percent  78
1673181297,219,53.44531,-2.2252,2.14,1,0.17,3.91,17375,138,0,143,0,0,B,2,K percent  80 **** Abandon: 264|118|263 Steer  218    13254 
1673181302,224,53.44531,-2.2252,2.14,1,0.06,3.89,17375,6,0,188,0,0,B,1,K percent  80 **** Abandon: 228|253| 38 To B Steer  267    32736 
1673181307,230,53.44531,-2.2252,2.14,1,1.18,3.89,17375,-49,0,184,0,0,B,1,K percent  87
1673181313,235,53.44532,-2.22521,2.14,1,0.07,3.89,17375,-53,0,180,0,0,B,1,K percent  80
1673181318,240,53.44532,-2.22521,2.14,1,0.07,3.89,17375,58,0,158,0,0,B,1,K percent  81
1673181323,245,53.44531,-2.2252,2.14,1,0.2,3.89,17375,56,0,182,0,0,B,1,K percent  85 **** Abandon: 236| 87|232 No Tack2 To B Steer  276    33049 
1673181328,250,53.44531,-2.2252,2.14,1,0.06,3.89,17375,-54,0,236,0,0,B,1,K percent  80
1673181328,256,53.44531,-2.2252,3.04,1,0.06,3.89,17375,-67,0,283,0,0,B,1,K percent  81
1673181339,261,53.44531,-2.2252,3.04,1,0.06,3.87,17375,-81,0,250,0,0,B,1,K percent  80
1673181344,266,53.44531,-2.2252,3.04,1,0.09,3.87,17375,-68,0,224,0,0,B,1,K percent  87
1673181349,271,53.44532,-2.2252,3.04,1,0.2,3.87,17375,-85,0,236,0,0,B,1,K percent  81
1673181355,277,53.44532,-2.2252,3.04,1,0.2,3.87,17375,-114,0,267,0,0,B,2,K percent  80 **** Abandon:  90| 96|241 Steer  196     7630 
1673181360,282,53.44533,-2.2252,3.04,1,0.09,3.87,17375,-138,0,334,0,0,B,0,K percent  80 **** Abandon: 166|231| 16 To B Steer  264    36000 
1673181365,287,53.44533,-2.22519,3.04,1,0.15,3.87,17375,-69,0,261,0,0,B,0,K percent  78
1673181370,292,53.44534,-2.22518,3.04,1,0.04,3.87,17375,-56,0,265,0,0,B,0,K percent  84
1673181375,298,53.44534,-2.22518,3.04,1,0.08,3.87,17375,-59,0,284,0,0,B,1,K percent  80 **** Abandon: 233|299|229 To B Steer  273    34931 
1673181381,303,53.44534,-2.22519,3.04,1,0.05,3.87,17375,-141,0,300,0,0,B,1,K percent  80
1673181386,308,53.44534,-2.22519,3.04,1,0.04,3.86,17375,-100,0,245,0,0,B,1,K percent  88
1673181391,313,53.44534,-2.22519,3.04,1,0.05,3.87,17375,-35,0,204,0,0,B,1,K percent  88
1673181396,318,53.44534,-2.22519,3.04,1,0.07,3.87,17375,-39,0,207,0,0,B,1,K percent  78
1673181396,324,53.44534,-2.22519,3.04,1,0.07,3.87,17375,-37,0,226,0,0,B,1,K percent  82
1673181407,329,53.44535,-2.22519,3.04,1,0.09,3.87,17375,-74,0,246,0,0,B,1,K percent  87
1673181412,334,53.44535,-2.2252,3.04,1,0.08,3.87,17375,-70,0,236,0,0,B,2,K percent  80 **** Steer  193     8709 
1673181417,339,53.44535,-2.2252,3.04,1,0.06,3.87,17375,-9,0,210,0,0,B,0,K percent  80 **** Abandon: 207|228| 13 To B Steer  255    36000 
1673181417,345,53.44535,-2.2252,3.04,1,0.06,3.87,17375,-21,0,212,0,0,B,0,K percent  81
1673181428,350,53.44534,-2.22521,3.04,1,0.05,3.98,17375,10,0,228,0,0,B,1,K percent  81 **** Abandon: 221|290|220 To B Steer  261    35951 
1673181433,355,53.44534,-2.22521,3.04,1,0.06,3.98,17375,-43,0,260,0,0,B,1,K percent  87 **** Abandon: 231| 81|226 No Tack2 To B Steer  271    35077 
1673181438,360,53.44534,-2.22521,3.04,1,0.08,3.98,17375,-40,0,271,0,0,B,2,K percent  78 **** Abandon: 240| 91|236 Steer  191     8098 
1673181444,366,53.44534,-2.22521,3.04,1,0.08,3.98,17375,49,0,176,0,0,B,0,K percent  78 **** Abandon: 218|226| 11 To B Steer  258    36000 
1673181449,371,53.44534,-2.22521,3.04,1,0.09,3.98,17375,-47,0,218,0,0,B,0,K percent  84
1673181454,376,53.44534,-2.22521,3.04,1,0.12,3.98,17375,-91,0,256,0,0,B,0,K percent  77
1673181459,381,53.44534,-2.22522,3.04,1,0.22,3.98,17375,-39,0,289,0,0,B,1,K percent  75 **** Abandon: 228|293|223 To B Steer  268    35453 
1673181465,387,53.44535,-2.22524,3.04,1,0.22,3.98,17375,-41,0,258,0,0,B,1,K percent  87
1673181470,392,53.44535,-2.22524,3.04,1,0.09,4,17375,-28,0,295,0,0,B,2,K percent  80 **** Abandon: 235| 88|233 Steer  188     6251 
1673181475,397,53.44535,-2.22525,3.04,1,0.02,4,17375,18,0,232,0,0,B,1,K percent  78 **** To B Steer  241    35213 
1673181480,402,53.44535,-2.22525,3.04,1,0.07,4,17375,17,0,187,0,0,B,2,K percent  87 **** Abandon: 217|276| 61 Steer  321     7485 
1673181485,407,53.44535,-2.22525,3.04,1,0.11,4,17375,33,0,171,0,0,B,1,K percent  91 **** To B Steer  270    34427 
1673181485,413,53.44535,-2.22525,3.04,1,0.11,4,17375,17,0,210,0,0,B,1,K percent  85
1673181496,418,53.44535,-2.22525,3.04,1,0.08,4,17375,4,0,230,0,0,B,2,K percent  84 **** Abandon: 243| 90|235 Steer  190    10525 
1673181501,423,53.44535,-2.22525,3.04,1,0.14,4,17375,-44,0,262,0,0,B,1,K percent  91 **** Abandon: 217|225| 10 To B Steer  257    35912 
1673181506,428,53.44535,-2.22526,3.04,1,0.16,4,17375,-40,0,271,0,0,B,1,K percent  82 **** Abandon: 227| 77|222 No Tack2 To B Steer  267    34773 
1673181512,434,53.44535,-2.22528,3.04,1,0.16,4,17375,-59,0,284,0,0,B,1,K percent  84
1673181517,439,53.44535,-2.22529,3.04,1,0.14,4.02,17375,27,0,190,0,0,B,2,K percent  78 **** Abandon: 236| 87|232 Steer  187     9317 
1673181522,444,53.44535,-2.22531,3.04,1,0.09,4.02,17375,76,0,165,0,0,B,1,K percent  90 **** Abandon: 214|222|  7 To B Steer  254    35650 
1673181527,449,53.44535,-2.22531,3.04,1,0.13,4.02,17375,52,0,201,0,0,B,2,K percent  80 **** Abandon: 251| 74|219 Steer  174     5010 
1673181532,455,53.44534,-2.22532,3.04,1,0.06,4.02,17375,-82,0,212,0,0,B,1,K percent  90 **** To B Steer  285    28368 
1673181538,460,53.44534,-2.22532,3.04,1,0.05,4.02,17375,-50,0,222,0,0,B,1,K percent  88
1673181543,465,53.44534,-2.22532,3.04,1,0.05,4.02,17375,-103,0,224,0,0,B,1,K percent  80
1673181548,470,53.44534,-2.22533,3.04,1,0.05,4.02,17375,-51,0,216,0,0,B,2,K percent  84 **** Abandon: 104|105|250 Steer  205    22164 
1673181553,476,53.44534,-2.22533,3.04,1,0.03,4.02,17375,2,0,211,0,0,B,0,K percent  91 **** Abandon: 207|240| 25 To B Steer  251    36000 
1673181553,481,53.44534,-2.22533,3.04,1,0.03,4.02,17375,-28,0,232,0,0,B,1,K percent  87 **** Abandon: 227|286|216 To B Steer  267    34605 
1673181564,486,53.44535,-2.22534,3.04,1,0.03,4.02,17375,23,0,243,0,0,B,2,K percent  82 **** Abandon: 252| 87|232 Steer  187     9923 
1673181569,491,53.44535,-2.22534,3.04,1,0.09,4.02,17375,55,0,181,0,0,B,2,K percent  87
1673181574,496,53.44533,-2.22534,3.04,1,0.36,4.02,17375,9,0,216,0,0,B,1,K percent  87 **** To B Steer  277    32076 
1673181580,502,53.44533,-2.22535,3.04,2,0.36,4.02,17375,-36,0,307,0,0,B,2,K percent  85 **** Abandon: 258| 97|242 Steer  197    16344 
1673181585,507,53.44534,-2.22535,3.04,2,0.03,4.02,17375,16,0,189,0,0,B,1,K percent  77 **** Abandon: 228|232| 17 To B Steer  268    31810 
1673181590,512,53.44533,-2.22535,3.04,2,0.1,4.02,17375,15,0,192,0,0,B,1,K percent  88
1673181595,517,53.44533,-2.22535,3.04,2,0.12,4.02,17375,-49,0,247,0,0,B,1,K percent  84
1673181600,523,53.44533,-2.22536,3.04,2,0.11,4.02,17375,-55,0,286,0,0,B,2,K percent  88 **** Abandon: 235| 88|233 Steer  188    11578 
1673181606,528,53.44533,-2.22536,3.04,2,0.02,4.02,17375,14,0,233,0,0,B,2,K percent  80
1673181611,533,53.44533,-2.22537,3.04,2,0.03,4.02,17375,29,0,181,0,0,B,1,K percent  85 **** Abandon: 221|223|  8 To B Steer  261    35453 
1673181616,538,53.44533,-2.22537,3.04,2,0.04,4.02,17375,45,0,189,0,0,B,2,K percent  81 **** Abandon: 231| 81|226 Steer  181     6251 
1673181621,544,53.44533,-2.22536,3.04,2,0.06,4.02,17375,57,0,188,0,0,B,1,K percent  85 **** To B Steer  277    32357 
1673181621,549,53.44533,-2.22536,3.04,2,0.06,4.02,17375,-4,0,275,0,0,B,2,K percent  85 **** Abandon: 262| 97|242 Steer  197    15781 
1673181632,554,53.44533,-2.22537,3.04,2,0.06,4.02,17375,-7,0,245,0,0,B,1,K percent  81 **** Abandon: 231|232| 17 To B Steer  271    33829 
1673181637,559,53.44533,-2.22537,3.04,2,0.01,4.02,17375,-5,0,219,0,0,B,1,K percent  88
1673181642,565,53.44533,-2.22537,3.04,2,0.02,4.02,17375,-53,0,252,0,0,B,1,K percent  88
1673181642,570,53.44533,-2.22537,3.04,2,0.02,4.02,17375,-24,0,273,0,0,B,2,K percent  81 **** Abandon: 239| 91|236 Steer  191    12313 
1673181653,575,53.44533,-2.22537,3.04,2,0.03,4.02,17375,12,0,236,0,0,B,2,K percent  80
1673181658,580,53.44533,-2.22537,3.04,2,0.02,4.02,17375,62,0,178,0,0,B,1,K percent  90 **** Abandon: 223|226| 11 To B Steer  263    35213 
1673181663,585,53.44533,-2.22537,3.04,2,0.03,4.02,17375,38,0,205,0,0,B,2,K percent  81 **** Abandon: 245| 83|228 Steer  183     7485 
1673181669,591,53.44533,-2.22537,3.04,2,0.03,4.02,17631,53,0,187,0,0,B,2, **** To B 
1673181674,596,53.44533,-2.22537,3.04,2,0.01,4.02,17375,3,0,217,0,0,B,1,K percent  91 **** Steer  282    30858 
1673181679,601,53.44533,-2.22537,3.04,2,0.05,4.02,17375,-71,0,288,0,0,B,1,K percent  81
1673181684,606,53.44533,-2.22537,3.04,2,0.07,4.02,17375,-95,0,292,0,0,B,1,K percent  88
1673181689,612,53.44533,-2.22537,3.04,2,0.09,4.02,17375,-61,0,253,0,0,B,1,K percent  80
1673181695,617,53.44534,-2.22539,3.04,2,0.11,4.02,17375,-54,0,343,0,0,B,2,K percent  82 **** Abandon:  24|102|247 Steer  202    18541 
1673181700,622,53.44535,-2.22539,3.04,2,0.08,4.02,17375,-74,0,263,0,0,B,1,K percent  82 **** Abandon: 223|237| 22 To B Steer  263    33609 
1673181705,627,53.44535,-2.22539,3.04,2,0.12,4.02,17375,-57,0,247,0,0,B,1,K percent  88
1673181710,633,53.44535,-2.22541,3.04,2,0.16,4.02,17375,-65,0,269,0,0,B,1,K percent  78
1673181716,638,53.44535,-2.22542,3.04,2,0.18,4.02,17375,-10,0,221,0,0,B,2,K percent  82 **** Abandon: 233| 83|228 Steer  183    12901 
1673181721,643,53.44535,-2.22543,3.04,2,0.05,4.02,17375,70,0,164,0,0,B,1,K percent  87 **** Abandon: 199|218|  3 To B Steer  239    34605 
1673181726,648,53.44535,-2.22543,3.04,2,0.05,4.02,17375,70,0,180,0,0,B,2,K percent  81 **** Abandon: 246| 59|204 Steer  159     9923 
1673181731,653,53.44535,-2.22543,3.04,2,0.02,4.02,17375,104,0,163,0,0,B,2,K percent  84
1673181734,659,53.44535,-2.22543,3.04,2,0.03,4.02,17375,58,0,165,0,0,B,1,K percent  90 **** To B Steer  206    34605 
1673181742,664,53.44535,-2.22543,3.04,2,0.03,4.02,17375,68,0,216,0,0,B,1,K percent  87
1673181747,669,53.44535,-2.22543,3.04,2,0.02,4.02,17375,-56,0,299,0,0,B,2,K percent  87 **** Abandon: 124|241| 26 Steer  286     9923 
1673181752,674,53.44535,-2.22543,3.04,2,0.04,4.02,17375,-37,0,268,0,0,B,2,K percent  85
1673181758,680,53.44535,-2.22543,3.04,2,0.02,4.02,17375,-59,0,269,0,0,B,1,K percent  80 **** To B Steer  197    32627 
1673181763,685,53.44535,-2.22543,3.04,2,0.06,4.02,17375,-13,0,208,0,0,B,2,K percent  91 **** Abandon: 194|232| 17 Steer  277    15214 
1673181768,690,53.44535,-2.22543,3.04,2,0.02,4.02,17375,1,0,248,0,0,B,1,K percent  80 **** Abandon: 246| 97|242 To B Steer  206    34773 
1673181773,695,53.44535,-2.22543,3.04,2,0.03,4,17375,-68,0,235,0,0,B,2,K percent  81 **** Abandon: 190|241| 26 Steer  286     9317 
1673181778,701,53.44535,-2.22543,3.04,2,0.02,4,17375,-61,0,241,0,0,B,2,K percent  87
1673181784,706,53.44535,-2.22543,3.04,2,0.07,4,17375,-79,0,275,0,0,B,1,K percent  87 **** To B Steer  236    34605 
1673181789,711,53.44535,-2.22544,3.04,2,0.11,4,17375,-4,0,220,0,0,B,2,K percent  82 **** Abandon: 210| 56|201 Steer  156     9923 
1673181794,716,53.44535,-2.22544,3.04,2,0.03,4,17375,78,0,167,0,0,B,2,K percent  82
1673181799,722,53.44535,-2.22544,3.04,2,0.06,4,17375,87,0,148,0,0,B,1,K percent  77 **** To B Steer  195    33379 
1673181799,727,53.44535,-2.22544,3.04,2,0.06,4,17375,53,0,169,0,0,B,2,K percent  90 **** Abandon: 229|230| 15 Steer  275    13486 
1673181810,732,53.44535,-2.22544,3.04,2,0.01,4,17375,46,0,182,0,0,B,2,K percent  85
1673181815,737,53.44535,-2.22544,3.04,2,0.05,4,17375,47,0,183,0,0,B,1,K percent  82 **** Abandon: 244| 95|240 To B Steer  204    35077 
1673181820,742,53.44535,-2.22544,3.04,2,0.03,4,17375,17,0,214,0,0,B,2,K percent  87 **** Abandon: 227|239| 24 Steer  284     8098 
1673181826,748,53.44535,-2.22544,3.04,2,0.03,4,17375,11,0,227,0,0,B,2,K percent  81
1673181831,753,53.44535,-2.22544,3.04,2,0.02,4,17375,24,0,187,0,0,B,1,K percent  88 **** To B Steer  205    35339 
1673181836,758,53.44535,-2.22544,3.04,2,0.02,3.98,17375,40,0,178,0,0,B,2,K percent  84 **** Abandon: 228|240| 25 Steer  285     6869 
1673181841,763,53.44535,-2.22544,3.04,2,0.05,3.98,17375,50,0,189,0,0,B,1,K percent  88 **** To B Steer  185    30858 
1673181846,769,53.44535,-2.22544,3.04,2,0.01,3.98,17375,9,0,213,0,0,B,2,K percent  85 **** Abandon: 205|220|  5 Steer  265    18541 
1673181852,774,53.44535,-2.22545,3.04,2,0.02,3.98,17375,-43,0,281,0,0,B,1,K percent  80 **** Abandon: 237| 85|230 To B Steer  197    34238 
1673181857,779,53.44535,-2.22545,3.04,2,0.04,4,17375,-46,0,274,0,0,B,2,K percent  81 **** Abandon: 224|232| 17 Steer  277    11125 
1673181862,784,53.44535,-2.22545,3.04,2,0.04,4,17375,-68,0,245,0,0,B,2,K percent  84
1673181867,790,53.44535,-2.22545,3.04,2,0.05,4,17375,-12,0,296,0,0,B,1,K percent  80 **** Abandon: 249| 97|242 To B Steer  209    35863 
1673181873,795,53.44535,-2.22545,3.04,2,0.02,4,17375,12,0,216,0,0,B,1,K percent  80 **** Abandon: 209|244| 29 No Tack2 To B Steer  249    29489 
1673181878,800,53.44535,-2.22545,3.04,2,0.02,4,17375,20,0,218,0,0,B,2,K percent  80 **** Abandon: 235| 69|214 Steer  169    20649 
1673181883,805,53.44535,-2.22545,3.04,2,0.02,4,17375,20,0,197,0,0,B,2,K percent  80
1673181888,811,53.44535,-2.22545,3.04,2,0.02,4,17375,7,0,190,0,0,B,1,K percent  81 **** Abandon: 203|204|349 To B Steer  242    31486 
1673181888,816,53.44535,-2.22545,3.02,2,0.02,4,17375,55,0,199,0,0,B,2,K percent  87 **** Abandon: 224| 62|207 Steer  162    17453 
1673181899,821,53.44535,-2.22545,3.02,2,0.03,4,17375,83,0,181,0,0,B,2,K percent  80
1673181904,826,53.44535,-2.22545,3.02,2,0.07,4,17375,90,0,163,0,0,B,2,K percent  82
1673181909,831,53.44535,-2.22545,3.02,2,0.05,4,17375,63,0,168,0,0,B,2,K percent  81
1673181915,837,53.44535,-2.22546,3.02,2,0.07,4,17375,29,0,209,0,0,B,1,K percent  88 **** To B Steer  185    32076 
1673181920,842,53.44534,-2.22548,3.02,2,0.13,4,17375,84,0,169,0,0,B,1,K percent  85
1673181925,847,53.44534,-2.22548,3.02,2,0.13,4,17375,52,0,209,0,0,B,1,K percent  85
1673181930,852,53.44533,-2.22549,3.02,2,0.08,4,17375,54,0,178,0,0,B,1,K percent  81
1673181936,858,53.44532,-2.22549,3.02,2,0.08,4,17375,12,0,189,0,0,B,2,K percent  87 **** Abandon: 203|220|  5 Steer  265    16344 
1673181941,863,53.44532,-2.22549,3.02,2,0.13,4,17375,-33,0,250,0,0,B,2,K percent  91
1673181946,868,53.44532,-2.2255,3.02,2,0.15,4,17375,-47,0,272,0,0,B,2,K percent  82
1673181951,873,53.44532,-2.22551,3.02,2,0.15,4,17375,-57,0,313,0,0,G,0,K percent  80 **** Abandon: 233| 85|230 To B At B Nav G Steer  291    36000 
1673181956,879,53.44533,-2.22552,3.02,2,0.16,4,17375,-83,0,297,0,0,G,1,K percent  92 **** Abandon: 259|326|256 To G Steer  299    35732 
1673181960,884,53.44533,-2.22553,2.14,2,0.19,4,17375,-74,0,290,0,0,G,1,K percent  80 **** Abandon: 276|119|264 No Tack2 To G Steer  316    32627 
1673181967,889,53.44534,-2.22555,2.14,2,0.21,4,17375,-31,0,287,0,0,G,1,K percent  87
1673181982,10,53.44532,-2.22572,0,0,0.07,3.2,17879,-8,0,257,0,0, ,0, **** Starting v 2.33: route [1] 
1673181987,15,53.44532,-2.2257,0,0,0.02,4.01,17375,0,0,232,0,0,B,0,K percent  84 **** Watchdog disabled Nav B Steer   99    36000 
1673181992,20,53.44532,-2.2257,0,0,0.05,4.01,17375,3,0,207,0,0,B,0,K percent  78
1673181997,25,53.44532,-2.22571,0,0,0.03,4.01,17375,79,0,173,0,0,B,0,K percent  82
1673181997,31,53.44532,-2.22571,2.14,0,0.03,4.01,17375,105,0,158,0,0,B,0,K percent  81
1673182008,36,53.44532,-2.22571,2.14,0,0.15,4.03,17375,108,0,145,0,0,B,0,K percent  80
1673182013,41,53.44531,-2.2257,2.14,0,0.13,4.03,17375,167,0,101,0,0,B,0,K percent  81
1673182018,46,53.44531,-2.22569,2.14,0,0.26,4.03,17375,116,0,107,0,0,B,0,K percent  80
1673182024,52,53.44531,-2.22567,2.14,1,0.26,4.03,17375,176,0,80,0,0,B,0,K percent  87 **** To B Steer   96    36000 
1673182029,57,53.44532,-2.22565,2.14,1,0.35,4.03,17375,91,0,133,0,0,B,0,K percent  84
1673182034,62,53.44531,-2.22564,2.14,1,0.29,4.03,17375,-166,0,71,0,0,B,0,K percent  81
1673182039,67,53.44531,-2.22562,2.14,1,0.28,4.03,17375,152,0,96,0,0,B,0,K percent  81
1673182044,72,53.44532,-2.22559,2.14,1,0.38,4.03,17375,112,0,124,0,0,B,0,K percent  81
1673182050,78,53.44532,-2.22557,2.14,1,0.27,4.03,17375,175,0,92,0,0,B,0,K percent  41
1673182055,83,53.44532,-2.22555,2.14,1,0.28,4.05,17375,121,0,97,0,0,B,0,K percent  35
1673182060,88,53.44532,-2.22553,2.3,1,0.19,4.05,17375,162,0,8,0,0,G,0,K percent  34 **** To B At B Nav G Steer  294    36000 
1673182065,93,53.44533,-2.22553,2.3,1,0.04,4.05,17375,-40,0,259,0,0,G,0,K percent  35
1673182065,99,53.44533,-2.22553,2.14,1,0.04,4.05,17375,-76,0,268,0,0,G,0,K percent  42
1673182076,104,53.44534,-2.22555,2.14,1,0.19,4.05,17375,-32,0,298,0,0,G,0, **** Abandon: 266|329|259 
1673182081,109,53.44535,-2.22555,2.14,1,0.2,4.05,17375,-65,0,325,0,0,G,1,K percent  40 **** To G Steer  309    34039 
1673182086,114,53.44535,-2.22556,2.14,1,0.19,4.05,17375,-102,0,315,0,0,G,1,K percent  40
1673182086,120,53.44535,-2.22556,2.3,1,0.19,4.05,17375,-62,0,304,0,0,G,1,K percent  37
1673182097,125,53.44536,-2.2256,2.3,1,0.46,4.05,17375,-75,0,328,0,0,G,1,K percent  35
1673182102,130,53.44538,-2.22562,2.3,1,0.39,4.05,17375,31,0,185,0,0,G,2,K percent  37 **** Abandon: 276|129|274 Steer  229    11720 
1673182107,135,53.44537,-2.22563,2.3,1,0.23,4.05,17375,-52,0,291,0,0,G,0,K percent  31 **** Abandon: 215|264| 49 To G Steer  282    36000 
1673182113,141,53.44538,-2.22564,2.3,1,0.23,4.05,17375,-23,0,297,0,0,G,1,K percent  37 **** Abandon: 257|317|247 To G Steer  297    35213 
1673182118,146,53.44538,-2.22566,2.3,1,0.1,4.05,17375,21,0,215,0,0,G,2,K percent  35 **** Abandon: 284|117|262 Steer  217     7485 
1673182123,151,53.44538,-2.22566,2.3,1,0.07,4.05,17375,37,0,191,0,0,G,0,K percent  42 **** Abandon: 230|252| 37 To G Steer  280    36000 
1673182128,156,53.44538,-2.22567,2.3,1,0.15,4.05,17375,-1,0,236,0,0,G,0,K percent  42
1673182134,161,53.44538,-2.22567,2.3,1,0.07,4.05,17375,-27,0,290,0,0,G,1,K percent  31 **** Abandon: 248|315|245 To G Steer  288    35912 
1673182139,167,53.44538,-2.22567,2.3,1,0.11,4.05,17375,-36,0,310,0,0,G,1,K percent  37 **** Abandon: 263|108|253 No Tack2 To G Steer  303    34039 
1673182144,172,53.44539,-2.22567,2.3,1,0.12,4.05,17375,-58,0,270,0,0,G,2,K percent  34 **** Abandon: 278|123|268 Steer  223    11720 
1673182149,177,53.44539,-2.22568,2.3,1,0.07,4.05,17375,-15,0,207,0,0,G,0,K percent  45 **** Abandon: 181|258| 43 To G Steer  278    36000 
1673182154,182,53.44539,-2.22568,2.3,1,0.07,4.05,17375,-29,0,241,0,0,G,0,K percent  41
1673182157,188,53.44539,-2.22569,3.36,1,0.07,4.02,17375,-26,0,297,0,0,G,1,K percent  42 **** Abandon: 248|313|243 To G Steer  288    35453 
1673182165,193,53.44539,-2.22569,3.36,1,0.07,4.02,17375,-53,0,301,0,0,G,2,K percent  35 **** Abandon: 257|108|253 Steer  208     6251 
1673182170,198,53.44539,-2.2257,3.36,1,0.12,4.02,17375,-37,0,253,0,0,G,0,K percent  37 **** Abandon: 223|243| 28 To G Steer  279    36000 
1673182175,203,53.44539,-2.2257,3.36,1,0.12,4.02,17375,-50,0,261,0,0,G,0,K percent  42
1673182181,209,53.4454,-2.22571,3.36,1,0.12,4.02,17375,-53,0,302,0,0,G,0, **** Abandon: 250|314|244 
1673182186,214,53.4454,-2.22572,2.3,1,0.22,4.02,17375,-28,0,276,0,0,G,1, **** To G Steer  280    35863 Abandon: 248|100|245 
1673182191,219,53.44541,-2.22573,2.3,1,0.23,4.05,17375,-55,0,301,0,0,G,1,K percent  32 **** No Tack2 To G Steer  288    35077 
1673182196,224,53.44542,-2.22575,2.3,1,0.06,4.05,17375,54,0,189,0,0,G,2,K percent  34 **** Abandon: 254|108|253 Steer  208     8098 
1673182202,230,53.44541,-2.22575,2.3,1,0.06,4.05,17375,-9,0,225,0,0,G,1,K percent  45 **** Abandon: 239|243| 28 To G Steer  279    34773 
1673182207,235,53.44542,-2.22575,2.3,1,0.1,4.05,17375,-73,0,268,0,0,G,1,K percent  42
1673182212,240,53.44542,-2.22576,2.3,1,0.08,4.05,17375,-14,0,271,0,0,G,2,K percent  42 **** Abandon: 262| 99|244 Steer  199     9317 
1673182217,245,53.44542,-2.22576,2.3,1,0.05,4.05,17375,4,0,233,0,0,G,2,K percent  35
1673182222,250,53.44542,-2.22576,2.3,1,0.04,4.05,17375,29,0,220,0,0,G,1,K percent  42 **** Abandon: 229|234| 19 To G Steer  269    35803 
1673182228,256,53.44542,-2.22577,2.3,1,0.05,4.05,17375,-47,0,245,0,0,G,1,K percent  38 **** Abandon: 252| 89|234 No Tack2 To G Steer  292    31486 
1673182233,261,53.44542,-2.22577,2.3,1,0.06,4.05,17375,-47,0,268,0,0,G,1,K percent  34
1673182238,266,53.44542,-2.22577,2.3,1,0.07,4.05,17375,-52,0,272,0,0,G,1,K percent  41
1673182243,271,53.44542,-2.22577,2.3,1,0.06,4.05,17375,-52,0,284,0,0,G,1,K percent  37
1673182243,277,53.44542,-2.22577,2.3,1,0.06,4.05,17375,-64,0,295,0,0,G,1,K percent  40
1673182254,282,53.44543,-2.22578,2.3,1,0.08,4.05,17375,-63,0,321,0,0,G,1, **** Abandon: 258|112|257 
1673182259,287,53.44543,-2.22578,2.3,1,0.07,4.05,17375,-33,0,276,0,0,G,2, **** Steer  212    17453 Abandon: 243|247| 32 
1673182264,292,53.44543,-2.22579,2.3,1,0.06,4.05,17375,-40,0,253,0,0,G,1,K percent  38 **** To G Steer  282    32076 
1673182264,298,53.44543,-2.22579,2.3,1,0.06,4.05,17375,-52,0,289,0,0,G,1,K percent  42
1673182275,303,53.44543,-2.2258,2.3,1,0.1,4.05,17375,-35,0,283,0,0,G,2,K percent  35 **** Abandon: 260|102|247 Steer  202    16344 
1673182280,308,53.44544,-2.2258,2.3,1,0.08,4.05,17375,-21,0,231,0,0,G,1,K percent  37 **** Abandon: 220|237| 22 To G Steer  260    33609 
1673182285,313,53.44544,-2.22581,2.3,1,0.07,4.05,17375,12,0,239,0,0,G,2,K percent  38 **** Abandon: 227| 80|225 Steer  180    12901 
1673182291,319,53.44544,-2.22581,2.3,1,0.07,4.05,17375,45,0,199,0,0,G,2,K percent  35
1673182296,324,53.44543,-2.22581,2.3,1,0.13,4.03,17375,78,0,188,0,0,G,2,K percent  37
1673182301,329,53.44543,-2.22582,2.3,1,0.26,4.03,17375,50,0,208,0,0,G,1,K percent  44 **** To G Steer  234    33678 
1673182306,334,53.44543,-2.22583,2.3,1,0.11,4.03,17375,-9,0,273,0,0,B,0,K percent  32 **** Abandon: 265|269| 54 No Tack2 To G At G Nav B Steer  123    36000 
1673182311,339,53.44543,-2.22583,2.3,1,0.08,4.03,17375,-73,0,231,0,0,B,0,K percent  38
1673182317,345,53.44543,-2.22584,2.3,1,0.02,4.03,17375,-48,0,176,0,0,B,1,K percent  32 **** Abandon: 150|158| 88 To B Steer  110    35213 
1673182322,350,53.44543,-2.22584,2.3,1,0.04,4.03,17375,93,0,139,0,0,B,1,K percent  34
1673182327,355,53.44543,-2.22583,2.3,1,0.18,4.03,17375,125,0,151,0,0,B,1,K percent  37
1673182332,360,53.44543,-2.22583,2.3,1,0.15,4.03,17375,118,0,113,0,0,B,1,K percent  37
1673182332,366,53.44543,-2.22583,2.14,1,0.15,4.03,17375,-155,0,89,0,0,B,2,K percent  32 **** Abandon: 294|145|290 Steer  190     7485 
1673182343,371,53.44542,-2.22579,2.14,1,0.28,4.03,17375,57,0,192,0,0,B,0,K percent  37 **** Abandon: 232| 10|155 To B Steer  124    36000 
1673182348,376,53.44542,-2.2258,2.14,1,0.03,4.03,17375,27,0,177,0,0,B,0,K percent  38
1673182353,381,53.44542,-2.2258,2.14,1,0.15,4.03,17375,82,0,132,0,0,B,0,K percent  37
1673182359,387,53.44541,-2.22578,2.14,1,0.15,4.02,17375,113,0,112,0,0,B,0,K percent  10
1673182364,392,53.44541,-2.22575,2.14,1,0.48,4.02,17375,102,0,131,0,0,B,0,K percent  11
1673182369,397,53.44539,-2.22572,2.14,1,0.56,4.02,17375,143,0,116,0,0,B,0,K percent  10
1673182374,402,53.44538,-2.22569,2.14,1,0.48,4.02,17375,118,0,129,0,0,B,0,K percent  12
1673182379,407,53.44538,-2.22566,2.14,1,0.4,4.02,17375,111,0,128,0,0,B,0,K percent   0 **** To B Steer  129    26834 
1673182385,413,53.44537,-2.22563,2.14,1,0.42,4.02,17375,104,0,134,0,0,B,0,K percent   0
1673182390,418,53.44535,-2.2256,2.14,1,0.46,4.02,17375,108,0,123,0,0,B,0,K percent   0
1673182395,423,53.44535,-2.22557,2.14,1,0.47,4.02,17375,110,0,131,0,0,B,0,K percent   0
1673182400,428,53.44534,-2.22554,2.14,1,0.43,4.02,17375,115,0,128,0,0,B,0,K percent   0
1673182400,434,53.44534,-2.22554,2.14,1,0.43,4.02,17375,115,0,126,0,0,B,0,K percent   0
1673182411,439,53.44531,-2.22549,2.14,1,0.25,4.02,17375,31,0,202,0,0,G,0,K percent   4 **** To B At B Nav G Steer  291    36000 
1673182416,444,53.44531,-2.22549,2.14,1,0.14,4.02,17375,-65,0,277,0,0,G,0,K percent   5
1673182421,449,53.44532,-2.2255,2.14,1,0.14,4.02,17375,-89,0,298,0,0,G,0,K percent   5
1673182421,455,53.44532,-2.2255,2.14,1,0.14,4.02,17375,-58,0,308,0,0,G,0,K percent   0
1673182432,460,53.44533,-2.22552,2.14,1,0.14,4.02,17375,-32,0,272,0,0,G,0,K percent   0
1673182437,465,53.44533,-2.22553,2.14,1,0.14,4.01,17375,-50,0,317,0,0,G,1,K percent   0 **** Abandon: 258|326|256 To G Steer  298    35732 
1673182442,470,53.44533,-2.22554,2.14,1,0.11,4.01,17375,-82,0,293,0,0,G,1,K percent   0
1673182448,476,53.44534,-2.22554,2.14,1,0.11,4.01,17375,-90,0,277,0,0,G,1,K percent   2
1673182453,481,53.44534,-2.22555,2.14,1,0.24,4.01,17375,-100,0,321,0,0,G,1,K percent   0
1673182458,486,53.44535,-2.22557,2.14,1,0.35,4.01,17375,-90,0,274,0,0,G,1,K percent   0
1673182463,491,53.44536,-2.2256,2.14,1,0.38,4,17375,-86,0,314,0,0,G,1,K percent   0
1673182468,496,53.44537,-2.22562,2.14,1,0.31,4,17375,-69,0,287,0,0,G,1,K percent   0
1673182472,502,53.44537,-2.22564,2.14,1,0.31,4,17375,-45,0,279,0,0,G,0,K percent   0 **** No Tack2 To G Steer  285    33091 
1673182479,507,53.44538,-2.22566,2.14,1,0.26,4,17375,-45,0,297,0,0,G,0, **** Abandon: 252|320|250 
1673182484,512,53.44538,-2.22568,2.14,1,0.17,4,17375,114,0,295,0,0,G,1, **** To G Steer  292    28844 Abandon:  49|112|257 
1673182489,517,53.44539,-2.22569,2.14,1,0.06,4,17375,-84,0,267,0,0,G,0,K percent   0 **** No Tack2 To G Steer  281    29035 
1673182495,523,53.44539,-2.22569,2.14,1,0.06,4,17375,-48,0,278,0,0,G,1,K percent   0 **** Abandon: 277|316|246 To G Steer  315    25849 
1673182500,528,53.4454,-2.22568,2.14,1,0.17,4.03,17375,-83,0,339,0,0,G,1,K percent   0
1673182505,533,53.44541,-2.22569,2.14,1,0.29,4.03,17375,-50,0,314,0,0,G,1,K percent   0
1673182510,538,53.44542,-2.2257,2.14,1,0.21,4.03,17375,-16,0,205,0,0,G,2,K percent   0 **** Abandon: 284|135|280 Steer  235    19479 
1673182515,544,53.44542,-2.22571,2.14,1,0.2,4.03,17375,-29,0,253,0,0,G,0,K percent   0 **** Abandon: 200|270| 55 To G Steer  265    30874 
1673182521,549,53.44542,-2.22572,2.14,1,0.17,4.03,17375,-82,0,310,0,0,G,1,K percent   0 **** Abandon: 250|300|230 To G Steer  289    26366 
1673182526,554,53.44543,-2.22573,2.14,1,0.18,4.03,17375,-16,0,260,0,0,G,2,K percent   0 **** Abandon: 281|109|254 Steer  209    11739 
1673182531,559,53.44543,-2.22574,2.14,1,0.08,4.03,17375,8,0,198,0,0,G,0,K percent   0 **** Abandon: 216|244| 29 To G Steer  260    27655 
1673182536,565,53.44543,-2.22574,2.14,1,0.05,4.03,17375,39,0,198,0,0,G,1,K percent   0 **** Abandon: 227|295|225 To G Steer  267    30089 
1673182542,570,53.44542,-2.22574,2.14,1,0.09,4.03,17375,-11,0,234,0,0,G,1,K percent   0
1673182547,575,53.44542,-2.22575,2.14,1,0.1,4.03,17375,-63,0,295,0,0,G,1,K percent   0
1673182552,580,53.44543,-2.22575,2.14,1,0.09,4.03,17375,-20,0,267,0,0,G,1,K percent   0 **** Abandon: 234| 87|232 No Tack2 To G Steer  274    34211 
1673182557,585,53.44543,-2.22575,2.14,1,0.05,4.03,17375,-30,0,227,0,0,G,2,K percent   0 **** Abandon: 252| 94|239 Steer  194     6032 
1673182558,591,53.44543,-2.22576,2.12,1,0.05,4.03,17375,-31,0,223,0,0,G,0,K percent   0 **** Abandon: 196|229| 14 To G Steer  258    36000 
1673182568,596,53.44543,-2.22576,2.12,1,0.05,4.03,17375,-70,0,235,0,0,G,0,K percent   0
1673182573,601,53.44543,-2.22576,2.12,1,0.07,4.03,17375,-52,0,250,0,0,G,0,K percent   0
1673182578,606,53.44543,-2.22576,2.12,1,0.09,4.03,17375,-38,0,290,0,0,G,1,K percent   0 **** Abandon: 227|293|223 To G Steer  268    35453 
1673182578,612,53.44543,-2.22576,2.12,1,0.09,4.03,17375,4,0,275,0,0,G,2,K percent   0 **** Abandon: 262| 88|233 Steer  188     6251 
1673182589,617,53.44543,-2.22577,2.12,1,0.02,4.03,17375,16,0,216,0,0,G,1,K percent   0 **** To G Steer  230    33609 
1673182594,622,53.44543,-2.22577,2.12,1,0.01,4.03,17375,56,0,185,0,0,G,2,K percent   0 **** Abandon: 243|265| 50 Steer  310    12901 
1673182599,627,53.44543,-2.22577,2.12,1,0.13,4.03,17375,21,0,216,0,0,G,2,K percent   0
1673182605,633,53.44543,-2.22578,2.12,1,0.13,3.98,17375,11,0,242,0,0,G,2,K percent   0
1673182610,638,53.44543,-2.22578,2.12,1,0.06,4.02,17375,-4,0,314,0,0,G,1,K percent   0 **** To G Steer  294    28368 
1673182615,643,53.44543,-2.22578,2.12,1,0.07,4.02,17375,-41,0,325,0,0,G,2,K percent   0 **** Abandon: 305|114|259 Steer  214    22164 
1673182620,648,53.44543,-2.22577,2.12,1,0.13,4.02,17375,-35,0,309,0,0,G,2,K percent   0
1673182626,654,53.44544,-2.22578,2.12,2,0.14,4.02,17375,-64,0,257,0,0,G,1,K percent   0 **** Abandon: 245|249| 34 To G Steer  285    27578 
1673182631,659,53.44545,-2.22579,2.12,2,0.1,4.02,17375,-46,0,279,0,0,G,1,K percent   0
1673182636,664,53.44547,-2.2258,2.12,2,0.11,4.02,17375,-70,0,274,0,0,G,2,K percent   0 **** Abandon: 254|105|250 Steer  205    23140 
1673182641,669,53.44548,-2.22582,2.12,2,0.05,4.02,17375,-70,0,217,0,0,G,1,K percent   0 **** Abandon: 181|240| 25 To G Steer  221    35978 
1673182646,674,53.44548,-2.22583,2.12,2,0.03,4.02,17375,-110,0,197,0,0,G,1,K percent   0
1673182652,680,53.44548,-2.22583,2.12,2,0.03,4.02,17375,92,0,210,0,0,G,0,K percent   0 **** Abandon: 340| 41|186 No Tack2 To G Steer  205    36000 
1673182657,685,53.44548,-2.22584,2.12,2,0.01,4.02,17375,57,0,219,0,0,G,0,K percent   0
1673182662,690,53.44549,-2.22584,2.12,2,0.01,4.02,17375,-25,0,225,0,0,G,1,K percent   0 **** Abandon: 233|240|170 To G Steer  192    35650 
1673182667,695,53.44549,-2.22584,2.12,2,0.04,4.02,17375,-49,0,324,0,0,G,1,K percent   0
1673182673,701,53.44549,-2.22584,2.12,2,0.04,4.02,17375,-98,0,356,0,0,G,1,K percent   0
1673182678,706,53.44549,-2.22584,2.12,2,0.04,4.02,17375,-37,0,294,0,0,G,1,K percent   0
1673182683,711,53.44549,-2.22584,2.12,2,0.02,4.02,17375,8,0,219,0,0,G,1,K percent   0
1673182688,716,53.44549,-2.22584,2.12,2,0.01,4.02,17375,48,0,178,0,0,G,2,K percent   0 **** Abandon: 224|227| 12 Steer  272     5010 
1673182694,722,53.44549,-2.22584,2.9,2,0.01,4.02,17375,51,0,195,0,0,G,1,K percent   0 **** To G Steer  194    35863 
1673182699,727,53.44549,-2.22584,2.9,2,0.01,4.02,17375,39,0,218,0,0,G,1,K percent   0
1673182704,732,53.44549,-2.22584,2.9,2,0.02,4.02,17375,31,0,226,0,0,G,1,K percent   0
1673182709,737,53.44549,-2.22584,2.9,2,0.03,4.02,17375,23,0,218,0,0,G,1,K percent   0
1673182714,743,53.44549,-2.22584,2.9,2,0.03,4,17375,20,0,217,0,0,G,1,K percent   0
1673182720,748,53.44549,-2.22584,2.9,2,0.02,4,17375,-45,0,257,0,0,G,1,K percent   0 **** Abandon: 225|229| 14 No Tack2 To G Steer  185    34773 
1673182725,753,53.44549,-2.22584,2.9,2,0.03,4,17375,-78,0,329,0,0,G,1,K percent   0
1673182730,758,53.44549,-2.22584,2.9,2,0.03,4,17375,-57,0,284,0,0,G,2,K percent   0 **** Abandon: 219|220|  5 Steer  265     9317 
1673182735,764,53.44549,-2.22584,2.9,2,0.01,4,17375,92,0,222,0,0,G,0,K percent   0 **** Abandon: 240| 85|230 To G Steer  201    36000 
1673182735,769,53.44549,-2.22584,2.88,2,0.01,4,17375,-165,0,210,0,0,G,0,K percent   0
1673182746,774,53.44549,-2.22584,2.88,2,0.02,3.97,17375,-147,0,196,0,0,G,0,K percent   0
1673182751,779,53.44549,-2.22584,2.88,2,0.04,3.97,17375,111,0,130,0,0,G,0,K percent   0
1673182756,784,53.44549,-2.22584,2.88,2,0.01,3.97,17375,104,0,122,0,0,G,1,K percent   0 **** Abandon: 234|236|166 To G Steer  194    35732 
1673182756,790,53.44549,-2.22584,2.88,2,0.01,3.97,17375,104,0,153,0,0,G,1,K percent   0
1673182767,795,53.44549,-2.22584,2.88,2,0.02,3.97,17375,104,0,170,0,0,G,1,K percent   0
1673182772,800,53.44549,-2.22584,2.88,2,0.02,3.97,17375,75,0,171,0,0,G,1,K percent   0
1673182777,805,53.44549,-2.22584,2.88,2,0.01,3.96,17375,75,0,182,0,0,G,1,K percent   0
1673182783,811,53.4455,-2.22583,2.88,2,0.01,3.96,17375,75,0,200,0,0,G,1,K percent   0
1673182788,816,53.4455,-2.22583,2.88,2,0.01,3.96,17375,75,0,206,0,0,G,1,K percent   0
1673182793,821,53.4455,-2.22583,2.88,2,0.01,3.97,17375,43,0,200,0,0,G,0,K percent   0 **** No Tack2 To G Steer  202    36000 
1673182798,826,53.4455,-2.22583,2.88,2,0.02,3.97,17375,35,0,200,0,0,G,1,K percent   0 **** Abandon: 236|237|167 To G Steer  196    35803 
1673182804,832,53.4455,-2.22583,2.88,2,0.02,3.99,17375,35,0,212,0,0,G,1,K percent   0
1673182809,837,53.4455,-2.22583,2.88,2,0.03,3.99,17375,-50,0,260,0,0,G,1,K percent   0 **** Abandon: 210|231| 16 No Tack2 To G Steer  169    30192 
1673182814,842,53.4455,-2.22583,2.88,2,0.03,4,17375,-52,0,278,0,0,G,1,K percent   0
1673182819,847,53.4455,-2.22583,2.88,2,0.06,4,17375,-9,0,239,0,0,G,1,K percent   0
1673182824,853,53.4455,-2.22583,2.88,2,0.03,4,17375,-6,0,224,0,0,G,1,K percent   0
1673182824,858,53.4455,-2.22583,2.86,2,0.03,4,17375,-14,0,235,0,0,G,1,K percent   0
1673182835,863,53.44551,-2.22583,2.86,2,0.04,4,17375,-8,0,243,0,0,G,1,K percent   0
1673182840,868,53.44551,-2.22583,2.86,2,0.03,4,17375,-15,0,251,0,0,G,2,K percent   0 **** Steer  249    19607 
1673182845,873,53.44551,-2.22583,2.86,2,0.07,4.01,17375,13,0,254,0,0,G,0,K percent   0 **** Abandon: 245| 69|214 To G Steer  200    36000 
1673182851,879,53.44551,-2.22583,2.86,2,0.07,4.02,17375,13,0,239,0,0,G,0,K percent   0
1673182856,884,53.44551,-2.22583,2.86,2,0.02,4.02,17375,13,0,248,0,0,G,0,K percent   0
1673182861,889,53.44551,-2.22583,2.86,2,0.02,4.02,17375,-4,0,245,0,0,G,0,K percent   0
1673182866,894,53.44551,-2.22583,2.86,2,0.02,4.02,17375,-14,0,250,0,0,G,0,K percent   0
1673182872,900,53.44551,-2.22583,2.86,2,0.06,4.02,17375,-46,0,259,0,0,G,1,K percent   0 **** Abandon: 233|235|165 To G Steer  193    35732 
1673182877,905,53.44551,-2.22583,2.86,2,0.02,4.02,17375,-52,0,252,0,0,G,1,K percent   0 **** Abandon: 219|228| 13 No Tack2 To G Steer  179    33609 
1673182882,910,53.44551,-2.22583,2.86,2,0.02,4.02,17375,-52,0,246,0,0,G,2,K percent   0 **** Abandon: 203|214|359 Steer  259    12901 
1673182887,915,53.44551,-2.22583,2.86,2,0.02,4.02,17375,-52,0,236,0,0,G,2,K percent   0
1673182892,921,53.44551,-2.22583,2.86,2,0.01,4.02,17375,26,0,230,0,0,G,1,K percent   0 **** Abandon: 227| 79|224 To G Steer  187    35077 
1673182898,926,53.44551,-2.22583,2.86,2,0.01,4.02,17375,26,0,198,0,0,G,1,K percent   0
1673182903,931,53.44551,-2.22583,2.86,2,0.01,4.02,17375,23,0,175,0,0,G,2,K percent   0 **** Abandon: 219|222|  7 Steer  267     8098 
1673182908,936,53.44551,-2.22583,2.86,2,0.01,4.02,17375,22,0,160,0,0,G,1,K percent   0 **** To G Steer  229    31786 
1673182913,942,53.44551,-2.22583,2.86,2,0.02,4.02,17375,95,0,147,0,0,G,2,K percent   0 **** Abandon: 242| 49|194 Steer  149    16901 
1673182919,947,53.44551,-2.22583,2.86,2,0.02,4.02,17375,95,0,159,0,0,G,2,K percent   0
1673182924,952,53.44551,-2.22583,2.86,2,0.01,4.02,17375,94,0,171,0,0,G,2,K percent   0
1673182929,957,53.44551,-2.22582,2.86,2,0.01,4.02,17631,94,0,168,0,0,G,2, **** To G 
1673182934,962,53.44552,-2.22582,2.86,2,0.04,4.02,17375,83,0,194,0,0,G,0,K percent   0 **** Steer  202    36000 
1673182934,968,53.44552,-2.22582,2.1,2,0.04,4.02,17375,82,0,220,0,0,G,0,K percent   0
1673182945,973,53.44552,-2.22582,2.1,2,0.05,4.02,17375,108,0,204,0,0,G,0,K percent   0
1673182950,978,53.44552,-2.22582,2.1,2,0.06,4.02,17375,116,0,190,0,0,G,0,K percent   0
1673182955,983,53.44551,-2.22582,2.1,2,0.08,4.02,17375,81,0,203,0,0,G,0,K percent   0
1673182961,989,53.44551,-2.22582,2.1,2,0.03,4.02,17375,34,0,206,0,0,G,1,K percent   0 **** Abandon: 236|237|167 To G Steer  196    35803 
1673182966,994,53.44551,-2.22582,2.1,2,0.02,4.02,17375,40,0,186,0,0,G,1,K percent   0 **** Abandon: 225|231| 16 No Tack2 To G Steer  185    34427 
1673182971,999,53.44551,-2.22582,2.1,2,0.04,4.03,17375,40,0,186,0,0,G,1,K percent   0
1673182976,1004,53.44551,-2.22582,2.1,2,0.03,4.03,17375,13,0,222,0,0,G,2,K percent   0 **** Abandon: 207|220|  5 Steer  265    10525 
1673182981,1010,53.44551,-2.22582,2.1,2,0.09,4.03,17375,-13,0,273,0,0,G,1,K percent   0 **** Abandon: 237| 85|230 To G Steer  197    35912 
1673182985,1015,53.44552,-2.22582,2.82,2,0.09,4.03,17375,13,0,229,0,0,G,1,K percent   0 **** Abandon: 231|232| 17 No Tack2 To G Steer  191    35557 
1673182992,1020,53.44552,-2.22582,2.82,2,0.01,4.03,17375,12,0,204,0,0,G,2,K percent   0 **** Abandon: 221|226| 11 Steer  271     5632 
1673182997,1025,53.44552,-2.22582,2.82,2,0.01,4.03,17375,50,0,193,0,0,G,0,K percent   0 **** Abandon: 245| 91|236 To G Steer  200    36000 
1673183002,1031,53.44552,-2.22582,2.82,2,0.01,4.03,17375,72,0,198,0,0,G,0,K percent   0
1673183002,1036,53.44552,-2.22582,2.82,2,0.01,4.03,17375,34,0,229,0,0,G,0,K percent   0
1673183013,1041,53.44552,-2.22583,2.82,2,0.02,4.03,17375,-39,0,238,0,0,G,1,K percent   0 **** Abandon: 217|235|165 To G Steer  177    33379 
1673183018,1046,53.44552,-2.22583,2.82,2,0.02,4.03,17375,-22,0,249,0,0,G,1,K percent   0
1673183023,1051,53.44552,-2.22583,2.82,2,0.02,4.04,17375,-9,0,238,0,0,G,2,K percent   0 **** Abandon: 211|212|357 Steer  257    13486 
1673183029,1057,53.44552,-2.22583,2.82,2,0.03,4.04,17375,-31,0,233,0,0,G,1,K percent   0 **** Abandon: 238| 77|222 To G Steer  198    35995 
1673183034,1062,53.44552,-2.22583,2.82,2,0.03,4.04,17375,5,0,217,0,0,G,1,K percent   0 **** Abandon: 216|233| 18 No Tack2 To G Steer  176    33138 
1673183039,1067,53.44552,-2.22583,2.82,2,0.01,4.04,17375,8,0,195,0,0,G,2,K percent   0 **** Abandon: 209|211|356 Steer  256    14066 
1673183044,1072,53.44552,-2.22583,2.82,2,0.01,4.04,17375,91,0,182,0,0,G,0,K percent   0 **** Abandon: 243| 76|221 To G Steer  199    36000 
1673183050,1078,53.44552,-2.22583,2.82,2,0.01,4.04,17375,53,0,186,0,0,G,0,K percent   0
1673183055,1083,53.44552,-2.22583,2.82,2,0.02,4.04,17375,60,0,180,0,0,G,1,K percent   0 **** Abandon: 233|234|164 To G Steer  193    35863 
1673183060,1088,53.44552,-2.22583,2.82,2,0.02,4.04,17375,60,0,191,0,0,G,1,K percent   0
1673183065,1093,53.44552,-2.22583,2.82,2,0.03,4.04,17375,63,0,217,0,0,G,1,K percent   0
1673183070,1099,53.44552,-2.22583,2.82,2,0.02,4.04,17375,45,0,217,0,0,G,1,K percent   0
1673183076,1104,53.44552,-2.22583,2.82,2,0.01,4.04,17375,42,0,203,0,0,G,1,K percent   0
1673183081,1109,53.44552,-2.22583,2.82,2,0.02,4.04,17375,1,0,204,0,0,G,1,K percent   0 **** Abandon: 219|228| 13 No Tack2 To G Steer  179    34039 
1673183086,1114,53.44552,-2.22583,2.82,2,0.01,4.04,17375,3,0,211,0,0,G,2,K percent   0 **** Abandon: 211|214|359 Steer  259    11720 
1673183091,1120,53.44552,-2.22583,2.82,2,0.01,4.04,17375,3,0,222,0,0,G,1,K percent   0 **** Abandon: 227| 79|224 To G Steer  187    35339 
1673183097,1125,53.44552,-2.22583,2.82,2,0.01,4.04,17375,26,0,209,0,0,G,1,K percent   0
1673183102,1130,53.44552,-2.22583,2.82,2,0.01,4.04,17375,30,0,191,0,0,G,2,K percent   0 **** Abandon: 221|222|  7 Steer  267     6869 
1673183107,1135,53.44552,-2.22583,2.82,2,0.02,4.04,17375,30,0,195,0,0,G,2,K percent   0
1673183112,1141,53.44552,-2.22583,2.82,2,0.01,4.04,17375,84,0,198,0,0,G,1,K percent   0 **** To G Steer  194    35912 
1673183115,1146,53.44552,-2.22583,2.78,2,0.01,4.04,17375,-2,0,205,0,0,G,1,K percent   0 **** Abandon: 212|229| 14 No Tack2 To G Steer  172    32357 
1673183123,1151,53.44552,-2.22583,2.78,2,0.01,4.04,17375,-21,0,221,0,0,G,2,K percent   0 **** Abandon: 188|207|352 Steer  252    15781 
1673183128,1156,53.44552,-2.22583,2.78,2,0.02,4.01,17375,-27,0,268,0,0,G,1,K percent   0 **** Abandon: 233| 72|217 To G Steer  193    35863 
1673183133,1161,53.44552,-2.22583,2.78,2,0.04,4,17375,-55,0,292,0,0,G,1,K percent   0
1673183134,1167,53.44552,-2.22583,3.12,2,0.05,3.99,17375,-36,0,236,0,0,G,1,K percent   0 **** Abandon: 219|228| 13 No Tack2 To G Steer  179    34039 
1673183144,1172,53.44552,-2.22583,3.12,2,0.03,3.99,17375,-2,0,216,0,0,G,2,K percent   0 **** Abandon: 199|214|359 Steer  259    11720 
1673183149,1177,53.44552,-2.22583,3.12,2,0.02,3.99,17375,1,0,226,0,0,G,1,K percent   0 **** Abandon: 225| 79|224 To G Steer  185    35213 
1673183154,1182,53.44552,-2.22583,3.12,2,0.02,3.99,17375,1,0,214,0,0,G,2,K percent   0 **** Abandon: 219|220|  5 Steer  265     7485 
1673183160,1188,53.44552,-2.22583,3.12,2,0.01,3.99,17375,1,0,221,0,0,G,1,K percent   0 **** To G Steer  180    34427 
1673183165,1193,53.44552,-2.22583,3.12,2,0.01,3.99,17375,31,0,210,0,0,G,2,K percent   0 **** Abandon: 214|215|  0 Steer  260    10525 
1673183170,1198,53.44552,-2.22583,3.12,2,0.01,3.99,17375,26,0,191,0,0,G,2,K percent   0
1673183175,1203,53.44552,-2.22583,2.76,2,0.02,3.99,17375,26,0,208,0,0,G,1,K percent   0 **** Abandon: 228| 80|225 To G Steer  188    35557 
1673183180,1209,53.44552,-2.22583,2.76,2,0.01,4.02,17375,26,0,220,0,0,G,1,K percent   0
1673183180,1214,53.44552,-2.22583,2.76,2,0.01,4.02,17375,-43,0,217,0,0,G,2,K percent   0 **** Abandon: 197|223|  8 Steer  268     5632 
1673183191,1219,53.44552,-2.22583,2.76,2,0.02,4.02,17375,-14,0,249,0,0,G,1,K percent   0 **** To G Steer  187    35453 
1673183196,1224,53.44553,-2.22583,2.76,2,0.02,4.02,17375,7,0,241,0,0,G,1,K percent   0
1673183201,1230,53.44553,-2.22583,2.76,2,0.01,4.02,17375,2,0,219,0,0,G,1, **** Abandon: 221|222|  7 
1673183207,1235,53.44553,-2.22583,2.76,2,0.01,4.02,17375,-44,0,243,0,0,G,2,K percent   0 **** Steer  267     6251 
1673183212,1240,53.44553,-2.22583,2.76,2,0.04,4.02,17375,-37,0,229,0,0,G,1,K percent   0 **** To G Steer  158    28751 
1673183217,1245,53.44553,-2.22583,2.76,2,0.01,4.02,17375,29,0,175,0,0,G,1,K percent   0
1673183222,1250,53.44553,-2.22583,2.76,2,0.1,4.02,17375,76,0,136,0,0,G,1,K percent   0
1673183228,1256,53.44553,-2.22583,2.76,2,0.1,4.02,17375,41,0,160,0,0,G,1,K percent   0
1673183233,1261,53.44553,-2.22583,2.76,2,0.22,4.02,17375,68,0,168,0,0,G,1,K percent   0
1673183238,1266,53.44551,-2.22583,2.76,2,0.19,4.02,17375,85,0,146,0,0,G,2,K percent   0 **** Steer  238    21665 
1673183243,1271,53.44551,-2.22583,2.26,2,0.19,4.02,17375,44,0,215,0,0,G,0,K percent   0 **** Abandon: 247| 58|203 To G Steer  198    36000 
1673183249,1277,53.44551,-2.22583,2.26,2,0.09,4.02,17375,-21,0,244,0,0,G,1,K percent   0 **** Abandon: 211|233|163 To G Steer  171    31786 
1673183254,1282,53.44551,-2.22584,2.26,2,0.04,4.02,17375,7,0,233,0,0,G,1,K percent   0
1673183259,1287,53.44551,-2.22584,2.26,2,0.06,4.02,17375,8,0,229,0,0,G,1,K percent   0
1673183264,1292,53.44551,-2.22584,2.26,2,0.01,4.02,17375,80,0,188,0,0,G,1,K percent   0
1673183269,1298,53.44551,-2.22584,2.26,2,0.03,4.02,17375,80,0,172,0,0,G,1,K percent   0
1673183275,1303,53.44551,-2.22584,2.26,2,0.06,4.02,17375,84,0,158,0,0,G,1,K percent   0
1673183280,1308,53.44551,-2.22584,2.26,2,0.11,4.02,17375,80,0,166,0,0,G,1,K percent   0
1673183285,1313,53.44551,-2.22585,2.26,2,0.24,4.02,17375,-9,0,220,0,0,G,2,K percent   0 **** Steer  251    16901 
1673183290,1319,53.4455,-2.22585,2.26,2,0.12,4.02,17375,-40,0,251,0,0,G,1,K percent   0 **** Abandon: 218| 71|216 To G Steer  178    34238 
1673183290,1324,53.4455,-2.22585,3.72,2,0.12,4.02,17375,17,0,216,0,0,G,1,K percent   0
1673183301,1329,53.4455,-2.22586,3.72,2,0.03,4.02,17375,54,0,173,0,0,G,1,K percent   0
1673183306,1334,53.4455,-2.22586,3.72,2,0.07,4.02,17375,79,0,162,0,0,G,1,K percent   0
1673183311,1339,53.4455,-2.22586,3.72,2,0.04,4.02,17375,79,0,186,0,0,G,1,K percent   0
1673183317,1345,53.4455,-2.22586,3.72,2,0.04,4.02,17375,80,0,185,0,0,G,1,K percent   0
1673183322,1350,53.4455,-2.22586,3.72,2,0.02,4.02,17375,87,0,164,0,0,G,2,K percent   0 **** Steer  258    11125 
1673183327,1355,53.4455,-2.22586,3.72,2,0.02,4.02,17375,47,0,166,0,0,G,2,K percent   0
1673183332,1360,53.4455,-2.22586,3.72,2,0.04,4.02,17375,5,0,176,0,0,G,2,K percent   0
1673183338,1366,53.4455,-2.22586,3.72,2,0.02,4.02,17375,-52,0,212,0,0,G,1,K percent   0 **** To G Steer  157    30530 
1673183343,1371,53.4455,-2.22586,3.72,2,0.02,4.02,17375,-14,0,188,0,0,G,2,K percent   0 **** Abandon: 160|192|337 Steer  237    19077 
1673183348,1376,53.4455,-2.22586,3.32,2,0.01,4.02,17375,-92,0,192,0,0,G,1,K percent   0 **** Abandon: 206| 57|202 To G Steer  166    33138 
1673183353,1381,53.4455,-2.22586,3.32,2,0.01,4.02,17375,-19,0,171,0,0,G,2,K percent   0 **** Abandon:  98|201|346 Steer  246    14066 
1673183358,1387,53.4455,-2.22587,3.32,2,0.01,4.02,17375,41,0,171,0,0,G,1,K percent   0 **** Abandon: 221| 66|211 To G Steer  181    35650 
1673183364,1392,53.4455,-2.22587,3.32,2,0.01,4.01,17375,53,0,185,0,0,G,1,K percent   0
1673183369,1397,53.4455,-2.22587,3.32,2,0.01,4.01,17375,15,0,208,0,0,G,2,K percent   0 **** Abandon: 215|216|  1 Steer  261     5010 
1673183374,1402,53.4455,-2.22587,3.32,2,0.01,4.01,17375,11,0,223,0,0,G,0,K percent   0 **** To G Steer  189    36000 
1673183379,1408,53.44549,-2.22586,3.32,2,0.01,4.01,17375,-42,0,248,0,0,G,1,K percent   0 **** Abandon: 221|224|154 To G Steer  181    35650 
1673183379,1413,53.44549,-2.22586,3.68,2,0.01,4.01,17375,-65,0,235,0,0,G,2,K percent   0 **** Abandon: 196|216|  1 Steer  261     5010 
1673183390,1418,53.4455,-2.22587,3.68,2,0.02,4.02,17375,-4,0,212,0,0,G,1,K percent   0 **** To G Steer  150    29125 
1673183395,1423,53.4455,-2.22587,3.68,2,0.01,4.02,17375,18,0,180,0,0,G,1,K percent   0
1673183400,1429,53.4455,-2.22587,3.68,2,0.01,4.02,17375,15,0,152,0,0,G,2,K percent   0 **** Abandon: 180|185|330 Steer  230    21160 
1673183406,1434,53.4455,-2.22587,3.68,2,0.01,4.02,17375,5,0,157,0,0,G,2,K percent   0
1673183411,1439,53.4455,-2.22587,3.68,2,0.02,4.02,17375,18,0,167,0,0,G,2,K percent   0
1673183416,1444,53.4455,-2.22588,3.68,2,0.01,4.02,17375,18,0,174,0,0,G,2,K percent   0
1673183421,1449,53.4455,-2.22587,3.68,2,0.01,4.02,17375,18,0,173,0,0,G,1,K percent   0 **** Abandon: 205| 50|195 To G Steer  165    33609 
1673183427,1455,53.44549,-2.22587,3.68,2,0.01,4.02,17375,65,0,167,0,0,G,1,K percent   0
1673183432,1460,53.44549,-2.22587,3.68,2,0.08,4.02,17375,87,0,192,0,0,G,1,K percent   0
1673183437,1465,53.44549,-2.22588,3.68,2,0.02,4.02,17375,67,0,155,0,0,G,1,K percent   0
1673183442,1470,53.44549,-2.22587,3.68,2,0.02,4.02,17375,33,0,202,0,0,G,2,K percent   0 **** Abandon: 199|200|345 Steer  245    12901 
1673183447,1476,53.44549,-2.22588,3.68,2,0.01,4.02,17375,-10,0,254,0,0,G,0,K percent   0 **** Abandon: 240| 65|210 To G Steer  186    36000 
1673183449,1481,53.44549,-2.22588,3.66,2,0.05,4.02,17375,21,0,202,0,0,G,1,K percent   0 **** Abandon: 219|221|151 To G Steer  179    35732 
1673183458,1486,53.44549,-2.22588,3.66,2,0.04,4.02,17375,93,0,156,0,0,G,1,K percent   0 **** Abandon: 210|214|359 No Tack2 To G Steer  170    34605 
1673183463,1491,53.44549,-2.22588,3.66,2,0.13,4.02,17375,70,0,153,0,0,G,1,K percent   0
1673183468,1497,53.44548,-2.22588,3.66,2,0.5,4.02,17375,10,0,180,0,0,G,2,K percent   0 **** Abandon: 204|205|350 Steer  250     9923 
1673183473,1502,53.44546,-2.22589,2.46,2,0.24,4.02,17375,-46,0,283,0,0,F,0,K percent   0 **** Abandon: 220| 70|215 To G At G Nav F Steer   90    36000 
1673183479,1507,53.44547,-2.2259,2.46,2,0.27,4.02,17375,-100,0,354,0,0,F,0,K percent   0
1673183484,1512,53.44548,-2.2259,2.46,2,0.22,4.02,17375,176,0,88,0,0,F,0,K percent   0
1673183489,1517,53.44548,-2.22589,2.46,2,0.14,4.02,17375,82,0,134,0,0,F,0,K percent   0
1673183494,1523,53.44548,-2.22588,2.46,2,0.09,4.02,17375,80,0,131,0,0,F,0,K percent   0
1673183494,1528,53.44548,-2.22588,3.62,2,0.09,3.99,17375,93,0,87,0,0,F,0,K percent   0
1673183505,1533,53.44548,-2.22586,3.62,2,0.23,3.99,17375,-145,0,63,0,0,F,0,K percent   0
1673183510,1538,53.44548,-2.22584,3.62,2,0.33,3.99,17375,130,0,109,0,0,F,0,K percent   0 **** To F Steer   92    36000 
1673183515,1543,53.44548,-2.22583,3.62,2,0.28,4.01,17375,130,0,82,0,0,F,0,K percent   0
1673183521,1549,53.44548,-2.2258,3.62,2,0.28,4.02,17375,131,0,96,0,0,F,0,K percent   0
1673183526,1554,53.44548,-2.22578,3.62,2,0.31,4.02,17375,126,0,92,0,0,F,0,K percent   0
1673183531,1559,53.44548,-2.22575,3.62,2,0.34,4.02,17375,115,0,90,0,0,F,0,K percent   0
1673183536,1564,53.44548,-2.22573,3.62,2,0.43,4.02,17375,121,0,99,0,0,F,0,K percent   2
1673183541,1570,53.44548,-2.22569,3.62,2,0.48,4.02,17375,140,0,89,0,0,F,0,K percent   0
1673183547,1575,53.44548,-2.22566,3.62,2,0.39,4.02,17631,132,0,95,0,0,F,0, **** To F 
1673183552,1580,53.44548,-2.22564,3.62,2,0.29,4.03,17375,128,0,88,0,0,F,0,K percent   0 **** Steer   93    36000 
1673183557,1585,53.44548,-2.22562,3.62,2,0.27,4.03,17375,128,0,96,0,0,F,0,K percent   0
1673183562,1591,53.44548,-2.2256,3.62,2,0.24,4.03,17375,128,0,91,0,0,F,0,K percent   0
1673183562,1596,53.44548,-2.2256,3.6,2,0.24,4.03,17375,128,0,98,0,0,F,0,K percent   0
1673183573,1601,53.44549,-2.22557,3.6,2,0.18,4.03,17375,128,0,91,0,0,F,0,K percent   0
1673183578,1606,53.44549,-2.22555,3.6,2,0.19,4.03,17375,128,0,96,0,0,F,0,K percent   2
1673183583,1612,53.44549,-2.22554,3.6,2,0.24,4.03,17375,128,0,94,0,0,F,0,K percent   0
1673183589,1617,53.4455,-2.22551,3.6,2,0.25,4.03,17375,128,0,101,0,0,F,0,K percent   0 **** To F Steer   97    36000 
1673183594,1622,53.4455,-2.22549,3.6,2,0.28,4.03,17375,141,0,99,0,0,F,0,K percent   0
1673183599,1627,53.4455,-2.22547,3.6,2,0.37,4.03,17375,175,0,90,0,0,F,0,K percent   0
1673183604,1632,53.4455,-2.22544,3.6,2,0.46,4.03,17375,178,0,95,0,0,F,0,K percent   0
1673183609,1638,53.4455,-2.2254,3.6,2,0.47,4.03,17375,177,0,96,0,0,F,0,K percent   0
1673183615,1643,53.4455,-2.22537,3.6,2,0.38,4.03,17375,177,0,97,0,0,F,0,K percent   0
1673183620,1648,53.44551,-2.22535,3.6,2,0.29,4.03,17375,177,0,97,0,0,F,0,K percent   0
1673183625,1653,53.44551,-2.22533,3.2,2,0.25,4.03,17375,177,0,110,0,0,F,0,K percent   0 **** To F Steer  106    30059 
1673183630,1659,53.44551,-2.22531,3.2,2,0.22,4.03,17375,177,0,105,0,0,F,0,K percent   0
1673183630,1664,53.44551,-2.22531,3.2,2,0.22,4.04,17375,177,0,99,0,0,F,0,K percent   0
1673183641,1669,53.44551,-2.22528,3.2,2,0.19,4.04,17375,177,0,114,0,0,F,0,K percent   0
1673183646,1674,53.4455,-2.22527,3.2,2,0.14,4.04,17375,177,0,106,0,0,F,0,K percent   0
1673183651,1680,53.4455,-2.22526,3.2,2,0.14,4.04,17375,177,0,105,0,0,F,0,K percent   0
1673183652,1685,53.4455,-2.22525,3.2,2,0.16,4.04,17375,177,0,117,0,0,F,0,K percent   0 **** To F Steer  111    25217 
1673183662,1690,53.4455,-2.22522,3.2,2,0.16,4.04,17375,177,0,113,0,0,F,0,K percent   0
1673183667,1695,53.4455,-2.22521,3.2,2,0.15,4.04,17375,84,0,97,0,0,F,0,K percent   0
1673183672,1701,53.4455,-2.22521,3.2,2,0.19,4.04,17375,88,0,126,0,0,F,0,K percent   0
1673183678,1706,53.4455,-2.2252,3.2,2,0.19,4.04,17375,87,0,115,0,0,F,0,K percent   0
1673183683,1711,53.44549,-2.22519,3.2,2,0.17,4.04,17375,95,0,113,0,0,F,0,K percent   0 **** To F Steer  120    21502 
1673183688,1716,53.44549,-2.22517,3.2,2,0.22,4.04,17375,75,0,130,0,0,F,0,K percent   0
1673183693,1721,53.44549,-2.22516,3.2,2,0.18,4.04,17375,70,0,111,0,0,F,0,K percent   0
1673183698,1727,53.44548,-2.22514,3.2,2,0.24,4.04,17375,62,0,119,0,0,F,0,K percent   0
